id,time,y,x
1,1,-3.016916569165542,0.7462126403130445
1,2,-0.2241872349600813,2.168928026057339
1,3,1.223211118347829,0.5262329045415056
1,4,1.33429979248663,0.5781010589521638
1,5,2.266546797283867,1.405246293659718
1,6,0.5125643546176002,0.6703462272275724
1,7,-3.135050610889934,-2.225740882910909
1,8,-4.917279701171185,-1.73013609569184
1,9,-0.514939810812326,-0.3814784075551496
1,10,2.500537230005666,2.406408648145737
1,11,-1.795534833742115,-0.8234646020094604
1,12,-0.1531857856458941,1.191936097738276
1,13,1.175780856688506,0.8095069423423547
1,14,5.222131623258157,1.460774293422936
1,15,5.06277435419521,1.702078867948365
1,16,-1.04290711179076,-2.052403508400218
1,17,-2.231156388895889,0.07256353467021018
1,18,2.533082511231617,1.810843540528117
1,19,-2.143624522124154,-1.840597989372167
1,20,-2.486442655132039,0.8236136091042859
2,1,-1.469702154952295,-1.211726278900804
2,2,1.466083520768975,1.647378114269898
2,3,1.333074284728512,-0.478599130071792
2,4,-0.3199810572676514,0.5015440885699691
2,5,-0.3379830179103169,-0.7837714363670097
2,6,-1.907048979533395,-0.5521345042192611
2,7,-1.868049242711487,0.6598548036262433
2,8,-5.516113572891673,-0.624431250188648
2,9,1.37455230081205,0.2236531811270364
2,10,0.134422066259809,1.487143927520814
2,11,-2.980156057217718,-1.153367113091756
2,12,0.8698877312793031,1.20882087814977
2,13,-0.837422786051915,0.2472887846119713
2,14,0.8283763001286073,0.2010324365110778
2,15,2.103864077707792,0.6512307900763161
2,16,1.499949343424357,-0.08969120174261896
2,17,-5.752453589720219,-2.835637098982543
2,18,3.484001584376665,1.009984047520722
2,19,-0.6757870382989757,-0.5686457064036196
2,20,-2.049179952612407,0.4003664981081594
3,1,1.579043619273396,0.369232147289896
3,2,2.331183671922953,1.578053837641093
3,3,-0.9314855868555844,-0.6137181050406422
3,4,0.04577110373482174,-0.06881932085125086
3,5,-2.727434852547183,-0.9170794176358263
3,6,0.6472696049132844,2.119948935987067
3,7,-0.4900707669235733,-1.032528315837035
3,8,-3.970666599354094,1.468261781602232
3,9,-0.7646691870320155,-0.1570985100207123
3,10,6.936681659625168,4.889895884869388
3,11,3.385503784591147,-0.1953481296040898
3,12,0.5933417922567139,-0.1456969420150955
3,13,-2.146015095660247,0.373177866161546
3,14,2.969039427513824,2.514528320976174
3,15,3.054470571085666,1.270555968732332
3,16,4.376238706227634,1.697551067016493
3,17,-0.9407256929660716,0.3866940096159877
3,18,4.336779726937074,1.625797492495332
3,19,0.3975206936132367,-0.2901065714138779
3,20,-1.903903401274394,0.05843132656859321
4,1,1.945700339135566,0.4678268225033595
4,2,0.2586022394139927,-1.165302444851115
4,3,0.02777345659087305,-0.4088469562034134
4,4,0.2975789175460329,1.180316144377987
4,5,0.6934286064843523,0.1294794373442225
4,6,-1.233910349505744,-1.18816601601008
4,7,-1.403121593949056,-1.611116419926672
4,8,-4.902906451069629,-1.665931316694688
4,9,-1.077621850166202,0.7185171880019123
4,10,-0.0395045480535664,2.682231333368976
4,11,-0.9169376808540899,-1.360544876634506
4,12,-1.33941468598554,-2.516208469615856
4,13,-0.9973741841047385,0.1664145232154076
4,14,3.813872425372835,1.594097671146876
4,15,2.715410674509846,0.7361008383271685
4,16,2.930892435732705,0.5431496297935416
4,17,1.275428961246599,-0.02549176525819918
4,18,2.385163033271666,0.8027955295008395
4,19,-0.0708781803001412,-1.128540351419721
4,20,-2.224862637407043,-2.677464263987382
5,1,-4.388854242124308,-1.79421302400857
5,2,-1.857581066861872,-1.432840378194265
5,3,-1.763397664649358,-3.668800918225254
5,4,-6.484303461478226,-0.9146527604687131
5,5,-4.230984709733344,-1.830702518063939
5,6,-3.941836809300447,-0.6303142335154956
5,7,-3.934241677547645,-2.099634801598006
5,8,-2.474679407025161,-0.4679367426363101
5,9,-3.627550134844687,-1.349613568553378
5,10,-9.856162696938508,0.02573807941245954
5,11,-2.756853285548621,-3.666210605396545
5,12,-1.625784329111128,-3.24116543147003
5,13,-4.277182222431132,-2.355994656501094
5,14,-3.120229291398696,0.6677042555665831
5,15,-3.411021116913751,0.09199043698196241
5,16,-3.253190887660427,-2.613201590914578
5,17,-5.832293590268748,-3.196593694315353
5,18,-2.463086540748936,-0.6897931947452142
5,19,-6.023672379248865,-3.115421885646065
5,20,-3.601896613477793,-1.888395714119901
6,1,-1.096663678060943,-0.9848453049968008
6,2,-0.9640513159610643,-0.8208272983845927
6,3,-1.234206229781126,-1.229012968639863
6,4,0.2374860331063541,1.348073017423048
6,5,-1.307433751815501,-1.02476801435161
6,6,-0.642513246089966,0.2239382725590316
6,7,-0.6567034510087528,-0.7132246914769478
6,8,0.4702059348937164,-1.66894551507851
6,9,-1.054290668352005,-0.09062495454025371
6,10,-0.8188214537863356,1.818507271624922
6,11,0.353993974500609,-0.9017560847996715
6,12,-1.620615608875225,-2.644521367408498
6,13,-0.699254768982335,-0.5179556107353636
6,14,0.732483048171556,-0.1537508461678049
6,15,2.476610983645531,0.9342150622292872
6,16,-0.4707940764705272,-2.497959957636539
6,17,-1.184244990500715,-1.855477724170376
6,18,0.410063039074234,0.2836853682452397
6,19,1.275829361306457,0.07000743218158312
6,20,-2.494421606853139,-1.519395548636062
7,1,-5.519022298874643,0.3118292431296193
7,2,-4.628223179478955,-0.4114239097409798
7,3,-4.329893963143332,-2.242276640957244
7,4,-1.999865372603291,-0.07399546395981937
7,5,-1.469206500173668,-0.7299788665326393
7,6,-2.344301230137321,-1.010351787881263
7,7,0.4027369607147601,0.3853732550962508
7,8,5.152632671395092,-0.7750961931366093
7,9,3.009677580307871,0.3379406407031976
7,10,1.320651798954819,1.854399272243732
7,11,-0.8959546177671298,-1.563908872189304
7,12,-5.821314864186298,-3.456644781899142
7,13,2.481630334638596,-0.6950065128802495
7,14,3.609604051041821,0.06748187529615679
7,15,3.204643482403462,-1.059355422067884
7,16,3.245438417024634,-1.052777191216132
7,17,6.900252502778503,0.7042268044733222
7,18,4.582017808202223,0.7504125089703156
7,19,2.118129310605513,-1.863599432312967
7,20,1.821398748483028,-0.6779663516843291
8,1,-1.717945849066586,-1.463692254069302
8,2,-2.022638292808928,-0.8052365751270956
8,3,-2.06645689476368,-1.145428948583852
8,4,-1.325222279161807,-0.1297689790324925
8,5,-2.837127509574422,-1.640840118326051
8,6,-3.005336544942314,-0.8877691036653322
8,7,-2.760135754836154,-1.507737754700905
8,8,-4.210940150646199,-0.8438881014914759
8,9,-2.246101717295527,0.7383463320887338
8,10,-2.260763282175075,1.092740464124535
8,11,-0.4096686338628661,-1.364751606527072
8,12,-3.678024111307399,-4.627611171143487
8,13,-5.268731541066055,0.3367779329738908
8,14,-5.572099035611338,-1.354406292522704
8,15,-6.8543823843556,-0.7843349906146606
8,16,-5.964019709178612,-2.255505429994881
8,17,-6.335611830561442,-2.752299835135666
8,18,-2.482276981351326,0.9062377980432651
8,19,-2.797924300508538,-2.124280280880622
8,20,-1.901065929907376,-1.268203888348332
9,1,2.54969071818179,0.2666676652854354
9,2,0.6563071771485476,-0.01473851811689997
9,3,0.1257895275043097,-1.001457627950182
9,4,-0.9626418031729178,-1.534176372699659
9,5,0.3697367887568886,0.5421678527076894
9,6,-1.249208612984899,-1.363219843858744
9,7,-0.6204153257091698,-1.180276933583202
9,8,-5.070850786098411,-2.771621685882974
9,9,-4.148460127526656,0.1298791157885335
9,10,-0.7598974984594216,1.791388491401346
9,11,-1.019287173646548,-1.815821816837919
9,12,-0.1117276548237111,-1.357876511390902
9,13,-0.5233522489430662,0.800994786547659
9,14,0.3923808053066702,0.8381130726565997
9,15,-4.02498388756568,-0.6667793996149525
9,16,-2.53124918361227,-0.1724770821931555
9,17,-3.239515691590554,-0.2688765856028952
9,18,-4.637721159740558,-1.482925519585022
9,19,-4.225914772220857,-1.059907724831648
9,20,-1.431619126403745,-0.9142637428809247
10,1,-1.093110225298906,-0.1995731160909837
10,2,-2.619707564175616,-2.001884673159879
10,3,-2.686774108101984,-1.707645848494976
10,4,-2.337654481323689,0.4625201196089668
10,5,-4.000189822752386,-2.150347767689471
10,6,-0.7657357235434499,0.7575099325559478
10,7,-0.6747864267912488,-0.9686405523133119
10,8,0.2693612169909616,-0.9309462360108636
10,9,4.082772806861898,0.9518412418817923
10,10,4.094915500827909,3.360676156507314
10,11,-2.568385135317686,-1.47804488420468
10,12,-1.112114971833238,-1.675293161315835
10,13,-1.369670271072783,-0.1565093340430995
10,14,0.1721532084289971,1.461786445614613
10,15,-0.01809036835013184,0.1601469514370054
10,16,-0.2491655181223326,-0.5620629138420254
10,17,-1.232593114845499,-1.626429116898686
10,18,-1.243719872771025,-0.384308976563373
10,19,-4.509845953855622,-2.526003421045594
10,20,-1.221465170345601,0.668049903430721
11,1,2.516368187727331,1.130232674738787
11,2,2.04377764964367,0.2850005976247447
11,3,-0.6417859147288592,0.3093321723566157
11,4,4.070984547383686,0.09891897684107198
11,5,1.225199160281849,0.4888611743322848
11,6,1.41371702967153,-0.219824917855423
11,7,0.5796362539582043,-0.1833744302813226
11,8,-4.030414960383299,-1.510489447438792
11,9,-3.181679847315778,0.8692515496813729
11,10,9.633802361481301,4.109483286197916
11,11,2.106842814145578,0.3648951181956902
11,12,0.8951473543954975,0.2401048851706034
11,13,-2.314740796398574,-0.4942652172939538
11,14,-0.3364485566722471,1.478934351337431
11,15,-0.3130648318541098,2.201238965544493
11,16,-1.522351240233728,0.4159166930480053
11,17,2.377826850459075,2.271746495343772
11,18,0.08188431556665321,1.548764164835955
11,19,-1.391536793619969,-0.05449464830186096
11,20,0.4442655176836237,-0.5137889195047113
12,1,1.977582025357958,0.7561145873780919
12,2,2.22832472894136,0.08121505072697954
12,3,-0.9453993043182256,-1.789408698202632
12,4,4.476346068587373,1.16377669958772
12,5,3.26875491006818,-0.8783741996843519
12,6,1.248980348669321,-0.4897383992511524
12,7,-2.361017183766908,-2.032093039656232
12,8,-5.720371975679617,-2.255593499644801
12,9,-5.515959715986359,-0.1299373334527597
12,10,-0.05603983882643282,1.697264326180296
12,11,-0.9249434288347805,-1.912383028531385
12,12,-1.634549579575846,-1.71252922276583
12,13,-0.873039431009182,-0.3115562900576952
12,14,-2.545267754937029,1.639447068635904
12,15,-5.202970674784648,0.5911533938239629
12,16,-6.528615562629022,-2.557240196224473
12,17,-9.720367624583542,-3.948046186722547
12,18,-7.509539775539664,0.743224229498187
12,19,-5.712114619033237,-2.959964470389984
12,20,-1.734904580727357,-1.775979864377563
13,1,-5.390502057849855,-2.633038683122404
13,2,-1.027633136736272,-1.412385503917909
13,3,1.411125999763058,-1.201753128084285
13,4,-4.114339322335775,-0.4194875820720239
13,5,-2.132074301901191,-0.8424854265555056
13,6,-7.751847100875057,-1.720938972177433
13,7,-4.823309983999026,-3.651992498331995
13,8,-4.960528232843624,-1.263281616676045
13,9,-4.092647670197648,-0.8759318092285253
13,10,-8.985398699200902,0.4645236318749027
13,11,-2.527198891724195,-1.55625432320705
13,12,0.7915192076018147,-1.970836688993443
13,13,-2.243400995675692,-1.104098143197296
13,14,-0.4640346227144053,1.802311683275788
13,15,-3.305321732327278,-1.813410427472362
13,16,-0.1066879873807383,-0.9559935551681911
13,17,-1.399629865974699,-2.148603382398367
13,18,0.904137718071875,-0.7339948583526885
13,19,0.4563323260508138,-0.87610880103689
13,20,-1.679628231978886,-1.854870161670115
14,1,1.392687991321081,1.703348123619165
14,2,1.246499562231502,-0.4659768233506003
14,3,-1.429928987311242,-0.4286301120062225
14,4,1.074552959153173,0.969091639406084
14,5,0.3797312692870079,-0.5305870880295845
14,6,2.284868002446248,1.776980887649865
14,7,0.4082243377842851,-0.2582856427839552
14,8,-2.987949550138365,-0.2522384873105264
14,9,1.741604554942844,0.6521001892254878
14,10,4.894767568823936,2.370742685420517
14,11,1.036453115552227,-0.06922276981435882
14,12,-1.244935912717897,-0.8070555130718919
14,13,3.36515727576501,2.259822273368479
14,14,2.375642491475225,1.330517490174079
14,15,4.188905997767149,1.147636866073644
14,16,3.529052468146801,1.141601486037639
14,17,-0.6905531501382143,-1.531137902814506
14,18,-2.695002419270542,-0.6705516117827437
14,19,-3.570556658152092,-1.837389204605539
14,20,-1.594151107296564,0.9927225228814208
15,1,-3.122056369431325,-1.021783300776853
15,2,-1.151334048836185,0.4150726449387956
15,3,-0.2780466017893564,-0.1343387634851654
15,4,-1.857787167558473,-1.003677844609115
15,5,-2.904199850046942,-1.848885868008856
15,6,-0.6893913731732515,0.09648967718129908
15,7,-2.786065548774021,-2.636707966064196
15,8,-3.757857012516195,-1.870964064097819
15,9,-2.316084779961956,0.8046876127125477
15,10,-1.047113325322537,2.534149176928505
15,11,-2.04617976553344,-2.392743236821814
15,12,-2.025032098199361,-2.138881143856821
15,13,-4.794908558493662,-1.846109197321218
15,14,-5.394837637670427,-0.5977117109509088
15,15,-4.721478438292786,-0.8045117842794991
15,16,-2.757601366310494,-0.9246088717190031
15,17,-3.423205521135665,-0.7001725763479549
15,18,-1.652063322772306,-1.213906783182043
15,19,-0.2061820618482478,-0.3200293537756527
15,20,-0.07656729132983053,-2.041970214288061
16,1,-3.810727377182892,-0.400123057037073
16,2,-4.721677347896017,-2.034413152822918
16,3,-2.20531537017661,-0.02653159328118826
16,4,-0.9610922612953761,0.2615378225690425
16,5,-0.855598578287215,-0.5411971136330126
16,6,3.71924613260687,3.706779596555824
16,7,0.1744141816353666,-0.4536130109055297
16,8,2.167343761303221,-2.038590406407781
16,9,1.915311962013485,0.4982063457270022
16,10,6.093316310124514,3.34161826984564
16,11,-0.4613639112243269,-1.293362142199408
16,12,-3.824454912495955,-2.487528764392534
16,13,1.555686143686095,0.8370589316152349
16,14,3.438206532771974,0.4469811651546454
16,15,7.30970791594167,2.181221491444261
16,16,4.563552983744533,0.6740302947841553
16,17,2.778462114383228,-1.175122490635268
16,18,4.322536631042055,1.756245136838103
16,19,1.844003212462026,-0.8589058046030831
16,20,-0.07980642081574518,-0.0321163305185842
17,1,-5.208052586787494,-0.1905702694168681
17,2,-2.828064979457242,-0.9814065221491252
17,3,-4.251542401511035,-2.299331802790424
17,4,-4.945338926197238,0.1777457296714989
17,5,-4.686105549718825,-2.025745562834138
17,6,-1.470680451915048,1.215362845540579
17,7,-3.156279446868137,-1.702971788201558
17,8,0.2393877995603033,-1.571628272071706
17,9,4.214294828862968,0.7218632418467392
17,10,-0.9662439115646604,1.448279015312859
17,11,-0.419621522031234,-1.305927322893846
17,12,-1.477782789087194,-2.01014301432964
17,13,2.38665811167895,0.3031387228653271
17,14,1.010188500889076,-0.7168430011850577
17,15,2.447191572874415,-0.05168527685882102
17,16,5.337820828922192,1.046922656495843
17,17,4.794802288840996,-2.21412049121404
17,18,3.47541476713131,-0.6885047670538103
17,19,0.9985480057773419,-0.8988420371035198
17,20,-2.762468857789369,-1.191296795333154
18,1,-4.765162168683323,-2.975027700493679
18,2,-2.110326160777682,0.04316935603173377
18,3,-2.105381072150752,-1.727200672928685
18,4,-4.26100355057724,-1.654741496647526
18,5,-2.746301094646515,-0.01299821989031957
18,6,2.097419501002881,1.723846954501008
18,7,-0.2867370341803246,-1.053298053271821
18,8,2.30200320287063,-0.4974084284825712
18,9,4.050162857956589,2.373358580548278
18,10,5.98112087111838,3.34460339486002
18,11,3.759250842805151,0.06984835726130689
18,12,-0.4166801488436265,-0.4706069143761886
18,13,0.4129347115287396,-0.1702199834312892
18,14,0.5761279039058029,-0.6503241805764426
18,15,1.586667376924987,-0.1016223922761463
18,16,-0.9789513014328635,-1.412747985619598
18,17,3.901495915832465,1.279658503148384
18,18,2.8570321308485,0.1358593432977398
18,19,0.5384687953718572,-0.9670401277189141
18,20,0.2443868346553264,-0.4968882489732495
19,1,0.6380622676418038,0.3836426805487121
19,2,2.627608278022362,0.2288409745950535
19,3,0.3556083174139453,-0.51128591647388
19,4,0.4690104174585901,0.3125838745209305
19,5,1.207616923736143,0.4311489076868865
19,6,0.8406270027714733,1.578824114042918
19,7,-2.976930458060449,-1.219553560951516
19,8,-5.187256385110024,0.7473444591962193
19,9,0.6419750777509254,1.44918724541083
19,10,4.72684902111662,2.835233619356278
19,11,2.216758108108346,-0.07520669371806965
19,12,0.969884093800746,-0.19282321904912
19,13,-1.298439908782403,1.494178066715822
19,14,2.384481195197527,2.025460851658009
19,15,0.2806208117127251,0.3186977763488236
19,16,0.565009683596431,0.5786971900381542
19,17,-4.729235851956931,-1.248315366534632
19,18,-2.072171876861951,1.206999916642059
19,19,-0.6473518452890776,-0.3367798700124013
19,20,-0.4435554798531723,-0.4697954271507976
20,1,-0.637437649194022,0.9984509277873153
20,2,-0.7780331969560446,0.09567839358982184
20,3,-3.117459074063513,-0.7855487930497713
20,4,-0.6306895007498301,0.7902436835611582
20,5,-1.127195406125101,0.1113983086574223
20,6,3.337784663362393,0.7041394667339802
20,7,1.363379667632674,-0.4506835140331738
20,8,3.576276226881832,0.8723262820972649
20,9,3.157094100402846,2.045961857778929
20,10,7.167568274525539,2.45817071052487
20,11,1.444030391889733,-0.1491996803212924
20,12,-1.751863525837685,-0.8225918079260328
20,13,1.616701479908698,1.651433102531817
20,14,4.591412015024519,2.045245910796877
20,15,3.961833589673102,0.7611000391276314
20,16,1.241995439970755,0.6021776227849289
20,17,-0.01452486918596851,-1.738198279139871
20,18,-2.158750168074411,-0.09106022590167084
20,19,-2.924935341722025,-1.560207853624397
20,20,-1.523142926244398,-0.1814684429719524
21,1,-0.06451394393634774,-0.9871095064275928
21,2,-0.6491814730917049,-1.009571986958381
21,3,-0.6667048597309564,-1.212422659738786
21,4,-0.1987906405084279,0.160686887842124
21,5,0.2326860060742582,-0.6290164517287158
21,6,-2.53969450792988,-0.2206510077235652
21,7,-3.096081310472114,-1.773608057268319
21,8,-4.093730273121497,-2.261976357655886
21,9,-3.006123062762386,-0.09424805610991291
21,10,1.034148022873975,2.503038939826173
21,11,0.1776411095279157,-1.636979548146088
21,12,-2.591531655930028,-4.813543138429225
21,13,-3.610920819968974,-0.250172944119985
21,14,-1.951957551764159,0.4859577277226367
21,15,-2.362391352723649,-0.5346887589089592
21,16,-3.891861599464103,-1.618439941709156
21,17,-2.500361194479046,-0.4275915926802802
21,18,-1.860913804044616,0.5988515195360702
21,19,-2.275527074920441,-2.523542700643873
21,20,-1.598822031124482,-1.301741436206046
22,1,0.7333652215625327,1.246770798525747
22,2,-3.058161173577343,-0.8968085538207639
22,3,-2.366302612973452,0.1146763889378373
22,4,2.385563361738549,1.392805168758437
22,5,3.518909909035438,1.247452697466458
22,6,8.531026556364644,3.821292057632006
22,7,4.317834306597687,0.1880100379175164
22,8,5.384745884278351,-1.24780299201013
22,9,3.814615403822896,1.446949619750517
22,10,6.714057854298282,0.9720566457697322
22,11,-1.092457023280365,-1.553385693816265
22,12,-4.130107313226362,-0.9105732341783062
22,13,0.4511059598322341,-0.05829841088459575
22,14,1.524481306489488,1.815440112737327
22,15,1.774228590872512,0.03346377285448043
22,16,-0.8273392918831988,1.262972886403944
22,17,1.829029983242351,-0.1796335400483539
22,18,-0.5865760835103162,1.013888443974341
22,19,-1.755591596089917,-0.7066960416334389
22,20,-0.2531169162748599,-0.1817393317718592
23,1,0.3190093766737156,0.9763575152234403
23,2,-0.4717078967735366,-0.6650141212363184
23,3,-2.019340232971925,-1.071044674455589
23,4,5.046834271149239,2.173069581244066
23,5,0.7470520628242994,-0.8418693156622623
23,6,4.374050786998441,2.864604759214379
23,7,1.173215138957546,-0.9447268766716322
23,8,0.2460372485948322,0.0598523465432389
23,9,3.060578883834761,1.304205243431013
23,10,9.62859350981277,3.504619768978681
23,11,3.640767958082922,-1.242486777603913
23,12,0.4678486083425109,-0.5037839149000092
23,13,1.667824475708134,0.667008949683205
23,14,1.959547699409581,0.821197572159619
23,15,2.783388672312337,1.757007837894294
23,16,0.9009219280099335,-0.2109715601546259
23,17,0.7759777773580757,-0.2481407330690824
23,18,0.006776913580678889,0.1891391777419301
23,19,-4.073010032680753,-2.780835196678344
23,20,-1.289951942845175,-0.3676579909935202
24,1,-0.7800099225878769,1.567859313719993
24,2,-1.911710035468825,0.1416632174836364
24,3,-2.130030933911508,-0.5406523084307715
24,4,0.7367757456144381,1.179969597083005
24,5,1.220930354456896,-0.5070235164199903
24,6,5.71297438916243,3.292047335658157
24,7,1.819770894329555,-1.671190361136855
24,8,2.920300401412978,-0.4132221921644524
24,9,4.533496807373977,3.637006746414604
24,10,7.909029725823093,2.888808990461303
24,11,0.03638560333706506,-0.9078350024862474
24,12,-3.823797112026343,-0.7178596236331749
24,13,1.004765675362781,0.4262749005300432
24,14,6.353084060855068,3.176810310622589
24,15,3.528685104618456,-1.215101610850371
24,16,2.862467613053572,1.816252515618252
24,17,-0.5438621654588482,-1.462921162174242
24,18,0.3252912727279421,0.8974130311209947
24,19,-1.394586757268063,-0.6671691501767285
24,20,0.6808807735866225,0.3924998493823357
25,1,2.523826561988431,-0.4862007021313494
25,2,1.981194282237609,-0.3705927307788309
25,3,1.511182111804348,0.5830158469620836
25,4,0.6231065343016522,-1.708649959254262
25,5,1.593255742026378,0.7727120078011823
25,6,-0.8213525317214814,0.1342445991091217
25,7,-2.750520517949721,-2.134933334719399
25,8,-11.9565545485017,-3.100896349176641
25,9,-6.305508306402859,0.2516601840304574
25,10,0.2021121345673134,2.63103930544829
25,11,-0.4090394386067931,-2.017965040239762
25,12,3.981659224255921,-0.02187922295287459
25,13,-6.95381812326055,-2.017129060136582
25,14,-7.969820618420593,0.6192529357225302
25,15,-10.82031396807153,-1.428253096311458
25,16,-7.660541139924712,-0.5261692554305799
25,17,-9.614344700173163,-0.3246965720042706
25,18,-10.14972544214429,-0.4293163857031181
25,19,-6.311145974553558,-4.014758538882675
25,20,-2.527045234974705,-1.169725225969364
26,1,2.460643497781486,-0.06232792603716658
26,2,2.911244412005609,1.690640499427616
26,3,2.145706535388721,-0.3129191235953911
26,4,1.60710034688131,1.203769596314793
26,5,0.9572144580144097,0.6718585396536285
26,6,0.1497142610479691,1.301910126966973
26,7,-0.06996202865822093,0.4532260688399503
26,8,-5.309680401643219,-1.537401055217966
26,9,-1.081267763275761,0.7329136756280691
26,10,0.3018472143876583,1.459669815318744
26,11,-0.7265341063327548,-0.6004798344753921
26,12,-0.1271192937667231,0.09633720507850074
26,13,-0.2061327133016191,0.7422543508334712
26,14,2.351120540410931,3.156269171682731
26,15,0.06600878970141055,0.6689791840392231
26,16,1.559724053932422,0.6293753723035735
26,17,-2.877971462695999,-1.452849983474277
26,18,1.460561903013662,0.4547805602701429
26,19,0.7180267337973639,0.1354279300768453
26,20,0.9053795091769535,0.3308635927438943
27,1,-6.002603535332334,-2.068130350715801
27,2,-5.703708044553181,-2.424432895404964
27,3,-3.815799225756111,-1.561913125262123
27,4,-7.782310317493883,-0.7053369683722676
27,5,-6.667931266960509,-1.323979841014461
27,6,-5.863797049464562,-1.240882942372767
27,7,-4.945987348211627,-1.978826269860644
27,8,-2.074956876327417,-3.207092136964562
27,9,1.491382306821809,0.8187027166736714
27,10,-2.103980951276149,2.232362258988977
27,11,-4.029949685006712,-4.248880051358928
27,12,-2.236081277506922,-2.974821282651239
27,13,-2.70605336953296,-2.574758894433709
27,14,-2.249794083150638,-0.5309583200969198
27,15,-0.4964376312415141,-0.7715738909473061
27,16,-0.8156018535296402,-2.851722627012684
27,17,-0.4811497219794686,-2.64572004448549
27,18,0.285844453863862,-1.52478823336217
27,19,-1.410111744457175,-1.715553622115203
27,20,-2.232263443625841,-1.811605304988214
28,1,0.08442250177950561,-0.3044551280451736
28,2,-0.4343220487622177,-0.5829959767991074
28,3,-2.432319773928843,-0.2567710849201047
28,4,1.883763055822093,0.3436636060286906
28,5,3.093914431350511,1.041383441227831
28,6,4.515986377790862,2.720966759604488
28,7,1.406610732005435,-0.6123705850836612
28,8,-3.406884460499218,-0.3273462802196216
28,9,1.83575263093009,2.144297627793077
28,10,8.859893124573492,3.385223407125757
28,11,3.453141544669111,-0.6106287092634873
28,12,1.874105690602494,0.4134802078421528
28,13,-0.5187143088784101,1.120127525278287
28,14,0.2526379082283935,0.5975114039239393
28,15,0.9050330048875711,1.897128355173587
28,16,-0.5973039338676678,1.201321641893847
28,17,-2.626600119743549,-0.7710381235975
28,18,-3.369933068223007,1.23321518610819
28,19,-2.443091356247696,0.4766162532381809
28,20,-1.570976490818917,-0.3741552496625674
29,1,-2.068761125527958,-0.06884425703305164
29,2,2.934785854048049,2.378292770657115
29,3,1.706830613356742,-0.6779035927740776
29,4,2.908281977991779,-0.1098985544105882
29,5,1.397730491904144,0.4253404141148305
29,6,1.476131851101023,0.8606160281001414
29,7,-0.5464488362817632,-0.4680153166394095
29,8,3.06229097334705,-0.8156926509169603
29,9,4.443976557787671,2.845363618942052
29,10,2.410252794431062,0.9265402375029346
29,11,-0.155782873783721,-1.068744363745753
29,12,-2.466142588157853,-2.111375803876741
29,13,0.2562221984202879,0.3375987555622449
29,14,0.2499171171813932,0.06069485138751018
29,15,2.414752407876101,-0.2451869861984035
29,16,-0.3540805554946631,-0.8368515729884343
29,17,1.409066479447122,0.112272236548158
29,18,2.905931088326855,1.257939331225369
29,19,-2.378221326281199,-2.308222579396905
29,20,-2.735998764494953,-0.9656997824609896
30,1,-0.1849154840805975,1.346935892633401
30,2,-1.217441227213047,-0.7107144531422593
30,3,-0.008886821841199488,-0.734655205669131
30,4,0.4537236835750739,0.6152073004610308
30,5,0.7755597333313633,0.7055232282336887
30,6,-1.891355874012654,-1.515407759202851
30,7,-3.29854616217464,-1.141256667965722
30,8,-1.968583096767996,-0.8577061179623326
30,9,3.365052561336308,2.342452444430198
30,10,2.70714166088008,1.919079659213471
30,11,-4.882763360929065,-3.065375712708255
30,12,-1.689166628487089,-0.21172979403824
30,13,-0.02767311331605066,-0.4997228457148068
30,14,0.8321314776989428,0.1432681376740692
30,15,2.418368569615883,-0.09861212841571732
30,16,2.915506946490515,-0.3727335825155516
30,17,-1.761772385140411,-1.114735713443938
30,18,-0.6040737684749016,-1.512527735925288
30,19,-1.762845114568252,0.188114427827437
30,20,-0.3892009375053955,0.6077945817087096
31,1,0.2070299071464534,-1.040391294176802
31,2,-0.8705301634405362,-1.122777086833286
31,3,-1.487407233711148,-0.06889805260538362
31,4,0.8068530032259867,-0.3654578850727774
31,5,0.4449586511112811,0.346004191626315
31,6,0.8064584491457838,-0.6099506781797035
31,7,0.2806668718771229,0.339323392965031
31,8,-5.623984898562225,-2.275807571511527
31,9,-2.158775167487322,1.720378979181648
31,10,5.090727361437533,3.062318593864465
31,11,0.6904168768733243,-1.859889271597169
31,12,0.7507961165566975,-0.2237091194208617
31,13,-2.44057576880606,0.4217873599431662
31,14,-2.798845483863626,0.81979849407048
31,15,-3.218452354705506,-0.4571158692799135
31,16,-3.493517718261188,-2.125128363033493
31,17,-5.009345738485345,-0.1346354481072438
31,18,-3.495090542245184,-0.8460588966894865
31,19,-2.28823899328063,-0.5879020161195992
31,20,-1.690472922429785,-0.9048231221534739
32,1,-1.612032367781747,0.09260047766997404
32,2,1.774303706514549,0.183829687219017
32,3,1.755968593696961,-1.376722757617225
32,4,-2.681142413719099,-1.570401581283442
32,5,1.042470497532918,0.5963816642938224
32,6,-2.156099933835711,-1.047261116464233
32,7,-2.398344103159702,-2.1174659478059
32,8,-4.717201350176624,-1.974423769186207
32,9,-0.9821856339584712,1.448762115284088
32,10,-0.6121290300473621,2.017186289837877
32,11,-0.7786457782195579,-2.021729299738494
32,12,-1.182240766856148,-1.615924503320293
32,13,-5.166979669793911,-1.068617581679735
32,14,-4.075259244337319,0.6433025178489137
32,15,-7.283825505387714,-3.251598609830819
32,16,-4.561356293988008,-1.732587477363523
32,17,-4.744749010781538,-1.516440907422967
32,18,-6.477435728111207,-1.705747555879749
32,19,-4.534098816953632,-1.570400244682158
32,20,-2.177709677469866,-2.119323473990157
33,1,-0.1026153121553697,0.4183476077122288
33,2,3.53626569378154,2.56463619936549
33,3,3.508569536825519,-0.2170164663491863
33,4,0.510843990996803,-0.3218546977489124
33,5,0.790050323484643,-0.1133565676202066
33,6,-1.92144675574907,-0.919749425244235
33,7,-1.700364756348493,-0.4901407890567235
33,8,-3.076317125600422,-1.777030533802102
33,9,-0.5659144394641609,2.18277909700396
33,10,2.797509351931987,1.986457165564604
33,11,-0.8766857209396568,-1.180573589021166
33,12,-2.895152930453626,-1.341983747968317
33,13,0.8718636366352039,1.999506228404616
33,14,3.187224100882167,1.136707364086981
33,15,4.246156073097382,2.483305638217171
33,16,3.117545434683326,0.7509588706990268
33,17,1.174051173445316,0.09709101187012326
33,18,2.216165520142447,1.186786801931763
33,19,-0.5322911306541016,-0.1901391374029814
33,20,-2.368813596875741,-2.46973770547516
34,1,-3.677853322901142,-1.719240757677993
34,2,-3.284716923160995,-0.9864568631024458
34,3,-5.003363643295978,-3.970289611558086
34,4,-5.088126170341065,-1.218863933603025
34,5,-3.955195607323952,-1.365397355440958
34,6,-4.778157002258961,-1.36963261079854
34,7,-2.632803200838195,-2.662493516588482
34,8,-4.081487823157005,-2.928200135309153
34,9,-3.13437285586516,0.243135447731249
34,10,-3.517525279043903,1.032222319714841
34,11,-5.196787779325295,-4.618485008589815
34,12,-6.192212384190731,-4.143572161237904
34,13,-5.317717358969354,-1.662656403344814
34,14,-2.310202356000266,0.5991906142195217
34,15,-4.14629229795374,-3.413202350026189
34,16,-4.001151941823392,-1.879369169609793
34,17,-3.04106436139294,-2.227669674021607
34,18,0.5066430565936664,0.8899453307837679
34,19,-1.141903420031162,-2.28540434937102
34,20,-2.977288339057634,-1.475522243427545
35,1,-3.832273464440138,0.2968003503185098
35,2,-1.569071003789347,-1.529176095493867
35,3,1.161422625057473,-0.8606199473669319
35,4,0.7093730191619916,-0.4425864585553754
35,5,-0.5057853307765455,-0.6281185439602348
35,6,-4.044758690860055,-1.225477733244112
35,7,-5.18761801850124,-1.258614841776724
35,8,-7.267071752221296,-4.869393699352728
35,9,-4.113106973286747,0.1462094116311521
35,10,-3.547796421687935,-0.02875905520566335
35,11,-0.7870640124459235,-0.792096408329765
35,12,-0.4356268231459232,-0.8633018054500646
35,13,-0.5388276012737447,-0.2069573931332961
35,14,0.6889660501580229,2.044673105713611
35,15,-0.4615153569772451,-1.23245117773753
35,16,2.044323392449021,0.7498870548456564
35,17,2.209658748569955,-0.38706740285554
35,18,0.02374483274481287,-0.3527848842553648
35,19,0.9127595488812331,-0.3825995400869509
35,20,-1.825684766055233,-2.582641890191846
36,1,3.28333579101361,1.092139685135544
36,2,4.136550168539718,2.148661965412173
36,3,-2.423343122699961,-0.9027172770163532
36,4,1.833980346713152,0.2363444964650971
36,5,2.260975342584414,0.3497711356078522
36,6,5.788789415744785,2.846138541726524
36,7,-0.7009149517286457,-0.9776243327518144
36,8,-6.831379605714649,-2.824867292426921
36,9,-1.713929366273906,1.767492745519791
36,10,11.91291679570509,4.039001022556049
36,11,6.672098086509483,1.087716858997901
36,12,2.085454688577014,-0.2183244861643224
36,13,1.357611884180002,0.800491051920273
36,14,5.618888494979234,3.563113646945631
36,15,1.926227638493497,-0.267730322472461
36,16,1.268372136012317,0.4995491158827416
36,17,-1.012583713588961,0.7567109569447855
36,18,0.1325880897554189,2.218535158384268
36,19,-3.094424883030474,-0.1424803463251249
36,20,-1.50062041969426,0.4436386680612817
37,1,2.14754445195622,0.2860668767489116
37,2,0.09234554237009851,-1.137015467881645
37,3,-2.987773788567774,-3.682864067618931
37,4,-2.350231879440148,-1.58396443572859
37,5,-2.179897995437447,-1.352715945838566
37,6,-2.449370661820554,0.01751801827308652
37,7,-3.697300042394211,-1.615107401774544
37,8,-7.381976990421734,-0.8739815601223653
37,9,-5.78424659647419,-1.832690915709511
37,10,-1.846502669038171,1.530607503550613
37,11,-3.078425235351354,-4.030764771727759
37,12,-1.155415064708455,-1.095691484194431
37,13,-7.538462089012791,-0.9827817110054032
37,14,-6.487711232721506,0.7285822291143256
37,15,-7.830528453446486,-1.362112238966482
37,16,-1.654156376523845,0.06729416712382608
37,17,-2.644314054904623,-0.4922289245210969
37,18,-1.198248042193101,0.2526200845114455
37,19,-2.22880189177781,-1.862431555597359
37,20,-1.662719752503615,-1.111185713949104
38,1,-1.902114453040052,2.043831507386936
38,2,-3.240345306180476,0.4697300554826314
38,3,-6.508215831813288,-2.506469989693651
38,4,-2.895720749862431,1.274712563016376
38,5,-1.722954161043299,-0.08910142083002126
38,6,2.334059185972433,0.1925558133063561
38,7,-1.443808761412156,-0.6796329574374504
38,8,2.151461144754152,0.1327687155767115
38,9,7.215899492742264,3.563364370237115
38,10,12.33483368675128,3.816516634570203
38,11,-0.1805716156708748,-0.7029763408965742
38,12,-2.953199940065902,0.7168130091518733
38,13,3.837049611380105,0.7688992868773776
38,14,7.514894639437969,1.730684481586833
38,15,5.535016737035317,0.4637206470500694
38,16,1.705761609772866,-0.8476869776258743
38,17,4.824468768128739,0.1924352985203764
38,18,6.112893851605208,1.94344186507946
38,19,0.8981721409437986,0.286774614910962
38,20,-2.073879084754431,0.009302666468175735
39,1,-0.1483987988534963,-1.059534847232261
39,2,-0.03987463389744389,0.3851904857026386
39,3,-1.681935756610321,0.5598124540597798
39,4,1.771248012450374,1.133495600157257
39,5,2.389642987782572,0.02195150411052776
39,6,1.870614769686961,-0.3752836316983722
39,7,-1.589784360923957,-1.500299204905167
39,8,-0.6955951162513034,0.06173722947548366
39,9,0.8712258798896093,1.802830626329291
39,10,3.149724860512626,2.253070721762755
39,11,0.2517299654891711,-1.72562441801165
39,12,-4.860881578130574,-2.976140978695131
39,13,-4.849509123209198,-1.054104741152994
39,14,-0.001594456249623954,3.125462018324776
39,15,-2.866852698174803,-0.8736141752843375
39,16,-1.837993465063079,-0.117620269217999
39,17,0.4160855128155895,0.3785610587100958
39,18,-1.602338675311172,-0.6807762124078891
39,19,-3.079847021109917,-0.6431331598579895
39,20,-0.3079737009319512,0.151943212361265
40,1,0.4424034210174088,1.734938838385429
40,2,-6.003201509220032,-2.534311719302418
40,3,-4.405187874361661,0.7920432970187621
40,4,2.617462487347084,1.102117782042474
40,5,1.018057132598607,-1.143019566540681
40,6,1.603147807957014,-0.1369210829793529
40,7,-0.1805275580569004,1.348746389295909
40,8,1.301625941407577,-1.807586954896406
40,9,0.1989028675723155,0.1959327126955077
40,10,9.048168315979739,3.755206384372536
40,11,3.509083367071406,-0.6433603950923368
40,12,-3.269368846737557,-1.562457081252645
40,13,1.712185124064601,0.559174253803572
40,14,0.5811432505114662,0.5140918484122836
40,15,2.800040254121747,1.833464395008242
40,16,-0.5360530688995409,1.080072475301562
40,17,0.1608216570799449,0.2289248852043484
40,18,-1.425984790140973,1.261609117708928
40,19,0.4015457018891258,1.259146091095809
40,20,0.8024288383614868,-0.4604843968936568
41,1,-5.157304253769981,-0.5577444131672802
41,2,-5.286376524051946,-1.454666913076977
41,3,-4.717341576694104,-1.999634090136244
41,4,-6.66056743131011,-0.3121727053704511
41,5,-5.619867520203286,-0.3658383795128836
41,6,1.970179016195428,3.170830944397525
41,7,-1.001631130586145,-0.5743458170064261
41,8,1.025662682773917,-0.4051494718845714
41,9,3.914584785752972,2.028945106598868
41,10,6.372729856873653,3.028137525024728
41,11,-0.009860647431611969,-0.7801762353031724
41,12,-3.223737918649229,-1.540644771514418
41,13,4.04473215608172,2.072657323479237
41,14,8.589194784592934,3.626221672491519
41,15,6.614072753667021,-0.6708352007359764
41,16,4.113564887614094,-0.7261465836568789
41,17,4.517037595863564,-0.3037111591935285
41,18,6.879504555530984,0.2145907583527923
41,19,2.704966461616027,0.2831040164853728
41,20,-1.778484815579878,-0.9092624298874229
42,1,-0.03148205688015809,1.107644728305372
42,2,0.2067389164634861,1.624414617053262
42,3,-0.8169259486528176,0.3620204705662056
42,4,3.642225796002923,0.9908709781157146
42,5,6.125907878814991,2.661128725381269
42,6,8.154394115331867,2.15212035596763
42,7,3.048754200345998,0.5707897067099714
42,8,4.330511570209438,-1.813692567874158
42,9,3.055352614422478,0.3856675294457821
42,10,8.573627116489014,3.235299247767513
42,11,-0.5458212900326083,-0.5117001499921575
42,12,-5.755765137622142,-0.9139621461067093
42,13,1.972264542649804,0.8082239016288657
42,14,6.547951033981079,3.453163383714009
42,15,8.586428009085251,1.752737394753789
42,16,1.752274016595365,-0.7976150757064572
42,17,3.986538130009267,-0.08989821714268571
42,18,-0.8183818190559877,0.4196734992272032
42,19,-2.098973038341464,-0.5650500265622732
42,20,-2.514620227314758,-0.5490944662936721
43,1,0.7393663659261713,0.4054181560754964
43,2,-0.6928582990221428,-1.765446758332683
43,3,-0.7691887307394736,-1.531329629683484
43,4,-0.5640779341754609,-0.2763380467921895
43,5,-1.534099860004674,-1.529412361109038
43,6,-1.887531657927338,-1.525704487428257
43,7,-1.826843356676246,-1.096302383908667
43,8,-1.939202909164097,-2.0147142964231
43,9,-0.9990423104231507,0.7578934431139961
43,10,-2.379696869582358,0.992661285954599
43,11,-2.667513495309761,-0.8527222221792441
43,12,-4.360003378303802,-2.592935535542131
43,13,0.3014826832791553,0.9629593128028047
43,14,-3.541943800111182,-1.299422227389742
43,15,-0.9516523999744104,0.07578281152848754
43,16,-0.192071548230094,-0.5974980566589889
43,17,-2.109996809797283,-2.190268631172518
43,18,-0.546501227905491,0.2327117447088831
43,19,-1.349095540403903,-0.3141536136254468
43,20,-2.334036160947383,-3.768619813249988
44,1,-4.619587322334258,-1.336901667615741
44,2,-2.425861630747171,-0.0903462841726761
44,3,-2.624129258599674,-1.519963323116025
44,4,-3.818305309109629,-0.3976807154326437
44,5,-6.083697526552688,-2.561885967374781
44,6,-3.554536617896026,-0.13047979560769
44,7,-3.841082604803817,-2.515428515386029
44,8,-2.225093357481214,-2.856189761461453
44,9,-2.112702326177262,-0.8219193650039377
44,10,-5.944230213860831,0.1958299501292982
44,11,-2.880330271393549,-0.2129688283405731
44,12,1.555277080045603,-0.6490194027071263
44,13,3.49730523506528,0.9070898205639304
44,14,-2.04566129687536,-1.038877447482287
44,15,-1.126206821148089,-0.551930213482754
44,16,-3.663098380868684,-2.630633074754951
44,17,-1.18231641931578,-2.354603150793942
44,18,-0.6723509682400843,-1.374005886933947
44,19,0.3629292552287507,-0.618284987309287
44,20,-2.540445481109872,-2.212227362362926
45,1,-0.5846560709114932,-1.29763119533408
45,2,-2.565839094615702,-1.346178700600374
45,3,-3.191565285309511,-2.591986545074934
45,4,-0.099044946820012,-0.3880199725189644
45,5,-2.126234038763394,-1.864105445765805
45,6,-2.559008336135963,-1.292761803545603
45,7,-0.1955225436566519,-1.186092153510401
45,8,-1.411318003011674,-1.766446962549509
45,9,-2.245951613686523,1.015050294786545
45,10,-1.268717487157117,1.069659608979213
45,11,-1.722575279657338,-1.69096708799499
45,12,-1.32205586584471,-1.190840595896077
45,13,-2.820904194470955,-0.3297835772229468
45,14,-5.860377189683636,-0.4029158142030758
45,15,-5.953357713161478,-0.2351001845966684
45,16,-3.291974298880342,-0.7342648569704047
45,17,-2.48385860360139,-1.413009510163147
45,18,-8.101270953696309,-2.303636265362668
45,19,-4.123127124427355,-1.458659073251579
45,20,-0.773036211549194,0.6352536516618654
46,1,-2.774537149249893,-1.260231137184453
46,2,0.3770047873318507,-1.503047985748164
46,3,-0.8329802191268125,-0.3446419453409373
46,4,-7.55764953453471,-1.509230431767388
46,5,-4.116857294316617,0.9359103844072885
46,6,-3.876934871281004,0.6395083591442468
46,7,1.154757956994323,2.774717225129121
46,8,0.07117755332204978,1.305107069109118
46,9,5.321220273407514,1.027105047490632
46,10,3.417297374605025,2.370825732923174
46,11,2.430561283360352,-0.1270608639295393
46,12,1.728212810432901,0.937911998648474
46,13,-1.531542025339657,-1.436208885590382
46,14,-0.2631004635304126,-0.3872600398554435
46,15,0.7752413223348024,-0.03012091552206209
46,16,1.940986990608926,0.4607099870489748
46,17,0.02676213957600859,0.05306317033668445
46,18,4.603759775735242,1.828990404892444
46,19,-2.636498778649944,-1.842468668690191
46,20,-7.036715602685657,-2.917043693804077
47,1,-5.622156434420182,-0.2918954540556888
47,2,-4.557185060849902,-0.8311817629749123
47,3,-4.341095165837209,-1.985482270761211
47,4,-5.786937656764822,-0.8661219395170834
47,5,-2.086830823727231,0.07038945784189943
47,6,-0.9744353234492116,-0.0701431086598121
47,7,0.2217037280116159,-0.469270803397359
47,8,-2.313085964891861,-2.205311248099107
47,9,0.1640934753564269,1.07236347904134
47,10,0.5008323016472918,3.463187392302661
47,11,-0.3261489174369969,-0.853729958006677
47,12,-1.681059739309175,-1.494927809953936
47,13,0.5732817063256326,0.141765761733671
47,14,2.801167216207163,0.8411968705011386
47,15,4.062161772541167,0.2825406942591561
47,16,2.506918042014867,-0.7648920287412846
47,17,-0.5604025874260175,-0.9253990065241953
47,18,3.424634872665679,0.6540589225148772
47,19,-0.6525015942211841,-1.953383220374725
47,20,-2.375884087262591,-1.93403203829307
48,1,-6.309631501112131,-0.6291471294937893
48,2,-1.065678686027621,0.02625956921143296
48,3,1.152760241895564,0.3902487570475915
48,4,-5.444409721036985,-0.7639547315260646
48,5,-5.682094529288873,-0.7223960713331101
48,6,-4.307513737766383,0.3661998741729837
48,7,-4.225498763700652,-2.144328055769158
48,8,-4.579059378014669,-0.6916230488596535
48,9,1.607600638714773,0.2044006758844791
48,10,-1.663802654966962,2.001609275166404
48,11,-2.135038799753771,-1.854754858954508
48,12,-3.387031059676494,-1.834762226100299
48,13,-0.6034362829716441,-0.08538792274598064
48,14,1.892464905418772,0.9033427378201597
48,15,2.590874944214102,-0.06010710135740727
48,16,3.747008775612189,-1.130652326916293
48,17,2.815136866535892,-0.4044488584990182
48,18,8.020114216487158,2.132673109289817
48,19,2.182267969453169,-0.7830470165968163
48,20,0.4635529965685609,0.1150552749648679
49,1,4.410488775322974,1.71124938081435
49,2,1.201223759067678,-0.2829297454493525
49,3,0.5901582991989787,-1.292010022293631
49,4,-0.3532634878364534,-1.308134485379367
49,5,-0.8080509372844221,-0.6593188662169385
49,6,-1.835381079328553,0.1413429374414434
49,7,-1.730394477755165,0.1719967311518706
49,8,-5.874013171407469,-0.8602578781041262
49,9,-4.811974158354193,-0.2907473255584554
49,10,1.283645737713162,2.329484801201539
49,11,0.5163427101629585,-0.7710435268665029
49,12,3.861160734066218,0.4428384274542816
49,13,-1.412646815180556,0.769391818595707
49,14,-0.003325324298763144,1.840029759146733
49,15,-1.892629709322743,0.3320675639834956
49,16,-2.51646265290278,-0.05364791136542729
49,17,-2.442787790111608,0.4857621598712587
49,18,-3.98548261237447,-0.8934907682350437
49,19,-5.87687679328106,-1.312142788205826
49,20,-3.469426544569722,-1.693400900255428
50,1,-1.894395495515961,-1.986579636638097
50,2,-2.704114639470028,-1.131570895378086
50,3,-6.1992194595189,-3.074213952194791
50,4,0.1771796787441643,0.9013896635398485
50,5,-3.35947844432245,-2.614885056848014
50,6,-0.1773682688727234,0.3530447993448163
50,7,-3.068273382016627,-3.019262549676719
50,8,0.1443946391216453,-1.796181971398545
50,9,1.58710389383149,2.378857287187774
50,10,4.874939293965664,2.364735641535374
50,11,-2.498679781718145,-2.459210968251413
50,12,-3.425759739867162,-1.269539085563558
50,13,-0.1156904375439125,-0.253237941464828
50,14,1.646937124396084,1.398670785987739
50,15,0.310965725153947,-1.248019458603417
50,16,-1.368965920654729,-0.002535307632468564
50,17,-4.787098580042674,-3.621277037128598
50,18,-6.627018491968537,-0.3437405878101266
50,19,-4.865387292673691,-1.604119968131337
50,20,-2.120653699320429,-0.4406479901188712
51,1,-0.04217086908098655,0.6617269970021525
51,2,-0.3681521138234694,-0.1718159602097636
51,3,-4.190557686927309,-1.840413554415608
51,4,0.0821160337058009,0.6780345700806898
51,5,-0.3113996943533546,-1.332275317782726
51,6,-0.9593552394917249,-0.09906970047385766
51,7,-1.57444185336226,-0.5428990662788709
51,8,-3.528357186599627,-0.9694165372325015
51,9,-0.6494309858538798,-0.2445299774446126
51,10,4.387951571966616,3.267296877531732
51,11,1.2483840638407,-0.8144877287367287
51,12,-2.319141843731586,-1.73384067598608
51,13,-5.878196963701489,-1.599616253709173
51,14,-2.465764223376664,0.990359217312179
51,15,-3.34443956649441,-0.1178814529344736
51,16,-1.899462552551456,-0.2727387681774994
51,17,-4.115817976913669,-1.070778710432112
51,18,-5.319631881160426,-1.512089539942049
51,19,-5.319713736617462,-1.294969707731674
51,20,-2.136493702034707,-1.170370571009146
52,1,-1.047844070465406,-0.3842052342179467
52,2,-0.20323204525323,-0.5017666551983077
52,3,0.4816378612308209,0.1278915425860312
52,4,3.569993938866586,1.57843519430495
52,5,1.3405407380795,-0.5043620075370258
52,6,-0.9742753074660631,0.09259672797387325
52,7,-2.551318711338027,-0.8411186150089804
52,8,-5.590782832336412,-0.9816740752960296
52,9,-1.29649298361125,1.78303538158675
52,10,1.941190434773885,2.164570172427486
52,11,-0.3417252381073786,-0.8205785019295703
52,12,2.808909962685438,0.5562766989802221
52,13,-1.273610466787918,0.2663073620892648
52,14,1.527260559038313,1.393945859482866
52,15,-0.8662853775659742,-1.243819357078903
52,16,-3.261192066254832,-3.069580154975108
52,17,-4.041313534482597,-0.3722571129618993
52,18,-1.62968958843623,0.3475722966065662
52,19,-3.732167155906795,-1.47437623726078
52,20,-1.35706130441711,-0.6741920486700103
53,1,1.136565358683397,0.7711777795759236
53,2,-0.3605343512973969,-0.9255984069309522
53,3,-2.386848490706581,-1.259348627154539
53,4,-2.65397148873876,0.005463643941908125
53,5,-0.5689673132857571,0.3856504614262913
53,6,-0.7268419512181495,0.5231890965226945
53,7,-0.3952970014805207,0.3775303436990418
53,8,-11.63511524455533,-3.505593675222249
53,9,-2.222179217304205,0.7035444207994842
53,10,3.315535300975872,1.702950943732573
53,11,2.643058497284432,-1.027140887114927
53,12,1.813883021206839,-0.9514662005705679
53,13,-0.5244902838285856,1.351506120930536
53,14,0.0633174586083608,-0.1083791769716802
53,15,-0.3529125887320119,0.9892475355522058
53,16,2.622032643177195,0.7881509962759504
53,17,1.140828242500023,1.764679185580177
53,18,3.427596021842833,0.6292951480042528
53,19,1.656865221153927,0.03352963321676883
53,20,-2.617273887187977,-2.05292045420843
54,1,-0.200628127644477,0.05571027061919423
54,2,-1.214362120395465,-0.6987949992554119
54,3,-3.189141428278397,-1.972056738043551
54,4,-4.017845479016763,-0.4442026540517335
54,5,-4.560666433280724,-2.086357192362064
54,6,-0.8018707250164339,0.7085499576517009
54,7,0.2192213547195878,-1.054644852209992
54,8,-1.186353734551696,-1.957228599655641
54,9,2.992638149827287,1.152599164406863
54,10,2.024516929266715,2.853301839143894
54,11,3.909802252053643,0.9827240271150426
54,12,-1.348262470171771,-2.26497555799611
54,13,2.623274921830845,1.373369687982824
54,14,5.577605918542396,2.384385459350982
54,15,4.022996525096952,-0.1750103765077144
54,16,2.609108916287851,0.09337683129780824
54,17,1.215599254563062,-0.8892751966718611
54,18,3.450391886069135,0.9570760031639991
54,19,1.575458356722121,0.8785283459163347
54,20,1.488364697235873,0.0168748746327797
55,1,-1.400701996040329,1.545195149816239
55,2,-0.4408953592518022,0.4330004632645735
55,3,1.592849294848014,1.751026345879264
55,4,0.3524372578089728,2.076809243681416
55,5,-1.169070629712143,-0.3022905168501654
55,6,0.4324528097644719,1.2533104800802
55,7,-0.568870376937555,-0.08741155029785394
55,8,-1.634823001084242,-2.156651048140926
55,9,4.068554588594389,0.6964900969659903
55,10,4.012397102241035,2.344736725186823
55,11,-3.523316406751237,-2.730527984075311
55,12,-2.084183263727529,-0.2894322463057264
55,13,2.73333349414162,0.3810832239047887
55,14,5.375665340572622,0.1545564208998631
55,15,7.39543317774266,1.424461652021846
55,16,7.639016232283165,1.022180045278264
55,17,5.139372327596209,0.2115589554061706
55,18,8.136344420437865,0.8634856714118175
55,19,2.915049153117066,0.3770059081391666
55,20,0.5176223094292849,0.5076554263536854
56,1,0.1582772439367118,0.8508404283919274
56,2,-2.364958378648287,1.095199395881621
56,3,-3.134352553290777,-0.340584592709742
56,4,-0.7685087072130993,-0.531188586550837
56,5,1.084835212433673,1.4672398427316
56,6,5.050780131668736,2.750074796325853
56,7,2.641401682251511,1.137198301175768
56,8,-0.7242848524602506,-1.608863662706706
56,9,3.544860207959729,2.201211923216329
56,10,9.31995422696342,1.602322211958062
56,11,2.867463725805602,1.59056596627727
56,12,-1.801187060352453,-0.5078079568329954
56,13,4.272583119396548,2.800731017860186
56,14,9.384982723446937,3.688492305738043
56,15,6.993765554573928,1.034830774050912
56,16,2.24201977058484,0.08869468916201972
56,17,-0.4414402404745204,1.25006703277008
56,18,1.405440677462407,1.258402149280177
56,19,-0.2079568045586175,0.8032207383879792
56,20,-1.121460533399542,0.259779814912536
57,1,-4.189620203048718,-2.185473706312715
57,2,-2.058897631383036,-1.068058035756679
57,3,-3.26995020202942,-2.637434307279658
57,4,-3.321301480900594,0.01012502423111983
57,5,-3.675850310892713,-1.277281404395447
57,6,-5.300296982826453,-1.96372290787752
57,7,-5.681221000770275,-1.214305266677889
57,8,-6.747704050123234,-2.747359111570459
57,9,-3.622020646322851,0.9230716843207633
57,10,-2.422194941935487,1.311859270958141
57,11,-2.11695974217416,-1.893850545774286
57,12,-2.560085644019983,-2.889458719515531
57,13,-3.445343209937389,-1.554141212812482
57,14,-2.222904253354715,-0.2261523638325966
57,15,-0.2351351170227942,0.28198721704412
57,16,1.110270697046494,0.3887203384498445
57,17,-2.385798796936786,-2.415611325144544
57,18,-0.9685734245472863,0.6694379413355187
57,19,-4.446476272096024,-3.97907771128134
57,20,-5.296750872234793,-2.961718385158244
58,1,1.225740718142126,1.070669836599718
58,2,0.06652734674191392,0.1539271368916826
58,3,0.8863115427008055,-0.2510166526363717
58,4,1.406534450838695,-0.8409813370022317
58,5,0.8642680037364228,-0.654305257661749
58,6,1.330818276374065,-0.0009935532233993905
58,7,-0.8952121250174001,-1.972166928174341
58,8,-1.369365947466219,-1.140834805580489
58,9,-1.485177421922175,0.17271855093907
58,10,1.193236363012772,2.634376757285463
58,11,-2.831435219812333,-2.691023748845163
58,12,-2.604828377124225,0.4555901935529945
58,13,-2.732167174069724,-1.192702294765689
58,14,1.369374248856455,1.120227954680416
58,15,3.339739993389562,0.8855833924011242
58,16,-0.1879113101020467,-1.190857834344265
58,17,1.120296992710058,-0.08953158475722478
58,18,-2.10738459253037,-0.9681544559110855
58,19,0.2558349231101463,0.311156750838415
58,20,-1.432434171286025,-1.084940373888705
59,1,-0.1460969885872476,0.05817017097655353
59,2,3.193134750115316,1.875122548199137
59,3,-0.8752891003903769,-1.176852482594353
59,4,1.962917453073858,1.731289543507271
59,5,3.879496340517868,0.6156539353534619
59,6,3.445879161433199,2.395309627936244
59,7,-0.6017913155747986,-0.7994366573589561
59,8,-4.479992521482814,-1.39964990874659
59,9,3.693857970123348,2.640752196099709
59,10,10.18759780454329,3.238612215668761
59,11,2.943297674404837,-2.331451552724166
59,12,-0.6089709095998556,-0.9684374538486725
59,13,2.179286619472844,0.9243309975778577
59,14,4.802193543696364,2.573007818929994
59,15,3.005704562076553,0.2488114087235259
59,16,-2.268994790869142,-2.700155414057669
59,17,-2.059377070146935,0.4155409374502822
59,18,-2.0526694788377,-0.1249735681512207
59,19,-4.61542386462471,-2.323981766563132
59,20,-5.625463326750549,-3.097097583935179
60,1,-3.14171069269697,1.825176769804258
60,2,1.05354223445892,1.788072965356718
60,3,3.092495327521211,2.057868455693416
60,4,2.370877335483014,2.882476525069918
60,5,1.060554729980167,1.464614162226713
60,6,3.891506303093387,2.331679934153524
60,7,2.078058667699052,1.773995131466247
60,8,2.982023585112971,2.001974388438253
60,9,9.62557923155075,3.067081723238025
60,10,10.52803648358012,3.740245288260756
60,11,1.104949272188682,-0.3832949720004379
60,12,-2.766205596059397,-0.4782524686651128
60,13,4.011790702286379,2.600303250905835
60,14,13.31618464424789,3.709307356155477
60,15,15.13704797590437,2.901490822155657
60,16,10.63613863902255,1.481526364539731
60,17,9.406395432760286,2.695337732737515
60,18,12.41126764861683,2.007313862340452
60,19,7.357459306708909,2.044711503898999
60,20,1.362199579670318,1.092570681191933
61,1,-2.935709359392237,-1.967821362303809
61,2,0.4988269300547755,-0.3918931903684464
61,3,-1.067622754907011,-0.8272077394022539
61,4,-2.758903635397972,0.1340661147993368
61,5,-4.284004934204268,-1.944656698630583
61,6,-2.684032965150837,0.1737092415206363
61,7,-4.103437276264448,-2.524933080794009
61,8,-7.250596218456982,-2.129073588197186
61,9,-1.3553529718396,1.364466066099467
61,10,-2.523372066931176,2.400363510931223
61,11,-3.104754788605792,-1.980960586985144
61,12,-1.662843781372165,-2.613568338786413
61,13,-1.567902056941964,-0.02609326757417929
61,14,-0.6892795282764537,0.5449955116032604
61,15,-3.008433836669843,-2.601902859792112
61,16,-0.9946334551103408,-0.2128989214023792
61,17,-3.892689256455619,-1.341544405634613
61,18,1.080001327589391,1.088169046297658
61,19,-2.296503406410234,-2.611542810761695
61,20,-7.264176422199393,-4.651104795625209
62,1,-1.29255471825938,1.308646151041746
62,2,-2.798685678191372,-1.109373332663611
62,3,-0.9100857652740926,0.2263999562818912
62,4,-1.241821063311983,1.507299242857217
62,5,-4.599074923591632,-1.723848653132388
62,6,-0.5974367834222797,1.154836713812877
62,7,-1.451904113242589,-0.6726765940590282
62,8,-1.975328237064424,-1.497379175675468
62,9,5.536847112665907,2.823601711204055
62,10,5.639683595310656,2.08767885858397
62,11,0.4250326486887751,-1.664824043282719
62,12,-2.021769115608846,-0.4253704074975705
62,13,2.273331433310449,1.151605181910951
62,14,3.920098673392771,1.521662103256016
62,15,5.775750193213729,2.022479699468471
62,16,3.942691701958156,0.6731433296061008
62,17,0.7227621669727359,-2.357826476135443
62,18,1.279870206214461,0.4939472501684848
62,19,-3.399837353928389,-0.9404179759096819
62,20,-2.76315699562647,0.1426563863611221
63,1,-0.3953161985313065,-0.6617006800164715
63,2,-2.472576625943153,-1.65049877971129
63,3,-5.530062510921937,-2.098557048462435
63,4,-4.716420462847704,-0.1954053528675458
63,5,-2.705731369381227,0.1222891650948282
63,6,1.973159934660083,1.280405593547212
63,7,-0.1388596424917333,-1.410409781261261
63,8,-7.135650690482951,-2.601803908805457
63,9,-2.712033483406889,1.030895453290803
63,10,-0.984463881363843,1.20812546351496
63,11,-1.372840961548277,-2.086397318106451
63,12,-0.5080271707820403,0.114513177853794
63,13,-1.34475944328507,0.5834332990977232
63,14,-0.8915155923264387,1.111587436437015
63,15,-4.090557168109403,-1.125507412394083
63,16,-1.721291317901325,-0.3561333299679105
63,17,-0.9767040328468048,0.173344569302934
63,18,0.8071339777738218,-0.06191701717062204
63,19,1.522565839875438,0.2628406483481525
63,20,0.8507617973454173,0.2463431573693271
64,1,-0.5458634056554811,0.9296347477724631
64,2,-4.180432454884531,-1.043069623494921
64,3,-5.796615631071163,-2.408891417622613
64,4,-5.427743778676115,-2.237324172798409
64,5,-5.297242510193929,-2.323555587716095
64,6,-4.935698320601757,-1.350964110834613
64,7,-1.276818581142588,0.1353023935433721
64,8,1.290860950845256,-1.661776083732567
64,9,0.1032248921155812,0.8233671513776168
64,10,0.7794636625062279,-0.5180497629331571
64,11,-5.409427572940595,-3.09540029660135
64,12,-4.961301649403492,-0.6529723242757968
64,13,-2.440292277110308,-0.2861972052242988
64,14,-1.013106301912688,0.4771186573611256
64,15,2.166298443823367,0.3819647591799218
64,16,2.174336636364848,0.7389787205584053
64,17,2.174004772323523,-1.439644373160483
64,18,0.254955536801878,0.05379726311414275
64,19,1.899380866084698,-1.224965711046098
64,20,4.457220807853789,1.016418314986272
65,1,-1.969624100529614,0.02323235021870973
65,2,-3.492308471803622,-2.5310448535671
65,3,-2.410404302415506,-1.447578813614054
65,4,-4.102425940639447,-0.8410002485522312
65,5,-0.6960255877330017,0.09978993705341155
65,6,0.6829083004797127,1.217200851316258
65,7,-2.280644142497843,-3.194403948085038
65,8,-1.191671718613192,-1.676385898114378
65,9,3.198603904536142,1.678873768929287
65,10,-0.4718396100282214,1.638941920537929
65,11,0.4700876110743438,-1.045120585532319
65,12,0.8062478067719681,-1.065636996245594
65,13,2.857067003407452,-0.108061448804853
65,14,1.794879429337875,0.4762585948278311
65,15,0.5509267980196249,-1.276208766706505
65,16,-0.3846371295730332,-1.895099596153031
65,17,-0.330821176654982,-0.3859997583187098
65,18,3.830611595801976,0.1271353528243621
65,19,0.5485801280250976,-1.432825237535222
65,20,-1.842705122103536,-1.676331725760667
66,1,-2.983334057330085,-0.6996868283053642
66,2,2.161650228450847,1.957432179961007
66,3,0.1409975122647875,-1.060262852875653
66,4,-3.030315640310551,-1.175591645375338
66,5,-3.046808504032577,-0.6056245094149054
66,6,-0.2088435184137292,0.9223036756532575
66,7,1.299844083055766,0.8102709281857137
66,8,-0.5901192097269738,-1.986978854946909
66,9,-1.033974223196803,-0.7685911307866884
66,10,-0.2883893594771052,2.899282473384273
66,11,-2.127925881810458,-2.897958357332418
66,12,-2.53045111037568,-1.596133326278246
66,13,-0.554657415048679,-0.4505175871665565
66,14,1.112255872697385,0.9347646986979372
66,15,3.543694208438723,0.8863610736054574
66,16,0.8187514410553913,-1.200379151912475
66,17,-0.03375021880836218,-1.112256945838871
66,18,3.247803563869304,0.3502313234580073
66,19,1.820180617693757,-0.8878904563072922
66,20,-1.194551653573258,-0.8977899296284749
67,1,-3.80708424519203,-0.1914592143146109
67,2,-2.712070593913906,-1.219349592310985
67,3,-2.17615916619453,-1.412087402204159
67,4,-4.299015450825881,0.4050786971720669
67,5,-1.50799036835356,0.3779069596520722
67,6,-1.367400762625907,-1.743183474557699
67,7,-1.453368978823864,-1.423112091253058
67,8,-0.7154890083704282,-1.374797295321913
67,9,-1.553397302352529,-0.2952188956285702
67,10,-0.4381051603158983,3.622535459465805
67,11,-2.068689688236128,-2.343849165916289
67,12,-1.264581670964382,-1.39235020603283
67,13,1.637208789339985,0.1720453609319424
67,14,2.474869078625211,0.2220337289413651
67,15,1.270445817940856,-1.840456065528081
67,16,0.9267924991304825,-1.136479030797406
67,17,1.665627551812312,-0.0001667719998554862
67,18,2.72165875548063,-0.1634730846325285
67,19,-1.670605529182026,-2.075002349539845
67,20,-1.53415727026643,-0.2610245290884616
68,1,0.8814121622066283,0.3364048663715092
68,2,-1.502779995291456,0.4007032699341128
68,3,-0.1068147573533005,0.03409910497720969
68,4,2.616215980536809,0.2668898749564239
68,5,-0.3763919571938232,0.2320996907094769
68,6,1.390705125265027,0.7903409592616069
68,7,0.5952312951359852,0.2456543561978448
68,8,-0.755533802761472,-0.6149975672851619
68,9,0.4599960001477037,0.708058308422794
68,10,12.38347864155747,5.626262078575364
68,11,2.952578510075082,1.256407465649056
68,12,-1.318212948691326,-0.4177709202381555
68,13,2.617794523610502,1.600750681050639
68,14,6.334432410046874,2.943089627871931
68,15,5.867347837628865,2.90950885735719
68,16,2.281182890046328,0.1858764897664258
68,17,1.652970814973558,1.774805476362907
68,18,3.210740177189539,1.337822758253052
68,19,-1.819223632358325,-0.8521244319421022
68,20,-1.490171879502916,1.249745841030691
69,1,-1.891797982619446,-0.7235800686301452
69,2,-3.737816600609036,-2.508163662842293
69,3,-3.812113657559381,-0.6639923201487914
69,4,-2.840267766022798,-0.288871133960147
69,5,-0.9660191777614944,-1.000872876628887
69,6,-0.490827350969241,-0.3340595184381624
69,7,-2.843125175037593,-2.108672560257423
69,8,-0.8444815675719304,-1.907546210327857
69,9,-1.849819935074832,0.5616031840971412
69,10,-4.206853206883243,-0.3922723244606565
69,11,-6.083099264444391,-2.783942583847255
69,12,-5.773252805588002,-2.142746950242743
69,13,-0.4036940655258792,-0.6645485910296773
69,14,1.787796894357134,1.469887062856778
69,15,-1.539251470393959,-1.302366293134054
69,16,-4.042660981932576,-1.742528811512322
69,17,-1.840463059311347,-2.078883899387053
69,18,-2.774860123389978,-1.164848008765539
69,19,-2.385087496575347,-2.112497004006736
69,20,-1.147017971032558,-0.9526369794168192
70,1,-2.716387277051087,1.694736612259463
70,2,0.4067145123954046,2.192939123082772
70,3,0.8523953599741501,1.695680148008266
70,4,3.772569794658946,2.991179871146004
70,5,1.385232886088729,0.7306889093958107
70,6,8.23770339068785,3.819289711829265
70,7,6.662241807227866,1.989724539472061
70,8,8.8072674187248,1.948717865657681
70,9,7.855458897283104,1.534264704846773
70,10,15.49421185449131,5.007126359950955
70,11,1.646762625901364,-0.09193485215042019
70,12,-2.984193326331824,1.05588890187775
70,13,7.464130919342916,2.954657836180694
70,14,15.01659350890998,3.708681797453832
70,15,13.05007697409052,1.958846675951676
70,16,8.16145907138047,2.102718325758205
70,17,7.639392637703142,0.24312703028412
70,18,10.37005573524466,4.127959111505565
70,19,3.125671918462299,1.370417605877542
70,20,-0.640607786220305,2.736122879118802
71,1,-1.560694748764542,1.247007571286814
71,2,2.229498573206719,1.580336987707384
71,3,0.2711524528558414,1.572451434343374
71,4,2.734396129783029,0.9831882887114717
71,5,0.2384017071930905,-0.9361329305171071
71,6,3.385687438372568,1.884336583185996
71,7,1.303373166776036,0.9330809444486987
71,8,-0.2317963285398146,0.3545276651237194
71,9,5.004413876193228,1.989800028174776
71,10,12.46355426863607,3.709833994064094
71,11,6.820498466372339,1.500721589366349
71,12,1.133338378685961,0.7243927166386162
71,13,2.01992192947024,0.9363709057882212
71,14,5.479546769536252,2.006836767348918
71,15,5.44602864894503,1.529980691300259
71,16,6.194618226931291,2.622631524651421
71,17,2.2669225988437,0.4808080292485607
71,18,2.98374665336752,1.847343764333556
71,19,0.5155020960896151,-0.01716555231551503
71,20,-0.8241209715260496,1.606002685552435
72,1,0.08433634039297525,1.792974536352144
72,2,-1.354775502300765,-0.6111680805823522
72,3,0.6472667961924439,1.015092910658907
72,4,1.429701994291761,1.159097308650498
72,5,-0.4911080667152748,0.08808940812941551
72,6,2.806971598540318,3.623798516792395
72,7,0.2953869546541724,-1.198779418922662
72,8,-0.7497941682726514,-1.031259125732452
72,9,0.4541545160761311,0.3013586929156955
72,10,4.081310611355811,3.754860521332205
72,11,1.250374678404304,0.8917823710616566
72,12,0.668074423934567,1.229897985476622
72,13,3.311855619973326,1.751004740333186
72,14,4.921495435912568,1.526730773044824
72,15,3.950182288291945,0.5519087278840193
72,16,-0.01103463814406325,-1.467961553277408
72,17,2.63498146165146,1.917298930352427
72,18,5.461280637772746,1.553432843398608
72,19,0.7230971263251713,-0.8094922298528192
72,20,1.574328067005309,1.052392873493314
73,1,0.2642210014218811,-0.9823375348799019
73,2,-1.382750867796136,-1.260632505517593
73,3,-2.632699321212358,-1.809339845968538
73,4,-0.4712210244379018,0.623867913384574
73,5,0.4140370944926621,-0.6277805479004421
73,6,0.2879764440029957,0.04843225846277238
73,7,-2.135848046061678,-2.709140948349051
73,8,-1.619755452390271,-2.351202407511303
73,9,-2.988174272198127,1.137409794286168
73,10,-0.8430424031904282,1.545045825787256
73,11,-0.8176034007785978,-1.432924391133586
73,12,2.009917836500449,0.03143770626691444
73,13,-0.2619522844691953,0.2706127582632962
73,14,0.6553865242903334,0.5224602804078299
73,15,-1.258657084793612,-0.8888887629545632
73,16,-4.593268446632356,-3.645390674971943
73,17,-1.964486276405799,-1.58200882543492
73,18,-2.483093551224732,-0.5366070286994111
73,19,-1.402120846073917,-1.222218428720662
73,20,-1.468775561775989,-1.724618540601043
74,1,6.214545415170885,2.715417471600157
74,2,3.41454903645138,-0.09890182408808779
74,3,-1.44386997043566,-1.22444149735116
74,4,7.677442242991101,3.490019743886723
74,5,1.277176499756867,-1.353371565043066
74,6,2.016203246943773,0.8600926288818935
74,7,0.4973297018294106,-0.2464295133374608
74,8,-5.044137506762953,0.3846623974416499
74,9,-1.068939068674743,1.610617050361166
74,10,7.153581344213761,2.020852798162266
74,11,2.395106793200309,-2.031502789823297
74,12,0.9976234925007059,-1.064758473019471
74,13,-5.435670211306999,-0.7627832306032809
74,14,-5.21766572095247,1.489264703780154
74,15,-8.24968479087722,0.07004166866806094
74,16,-6.427767567945724,-1.573741430918412
74,17,-9.651747244891883,0.8536593267002193
74,18,-8.73349452211644,0.3038703849757822
74,19,-5.511416273550869,-1.868583986803967
74,20,-2.127994080268446,-0.7268350068265135
75,1,-3.925842586713419,-0.4074677429200648
75,2,-1.405041000050307,-2.101313747589579
75,3,0.5160224535365792,-1.526737599949925
75,4,-6.147017225782977,-1.763812234494746
75,5,-6.859820123891827,-2.767280900516282
75,6,-4.652979144635879,0.2429050398687248
75,7,-1.788039478994395,-1.773754057336494
75,8,-3.537964449181247,-1.722032345425873
75,9,-0.04158030657794992,0.2691555681896999
75,10,-5.033948977811272,0.5792591152505921
75,11,-4.245931502598951,-2.089400251436005
75,12,-1.404551390246888,-2.919865487824518
75,13,-0.5739990236972204,0.6712889583069365
75,14,-1.201441439539844,-0.8783584909008201
75,15,-2.248580566114367,-0.5253749524763612
75,16,-1.893881397088591,-2.085802755712237
75,17,-0.2867748336502441,-0.7948928183502164
75,18,1.7395850403461,-0.4937159929130087
75,19,-0.4242810326209839,-2.082941431486192
75,20,-1.563246067736135,-0.6692018573237448
76,1,2.686717570043547,1.094329079566681
76,2,3.69374942815386,1.070143353460892
76,3,1.721409199095325,-0.5912541589378205
76,4,-0.1121952428457138,-0.4030233166517562
76,5,-3.36503308626348,-2.696606236190724
76,6,-1.757776136895643,1.29725853295447
76,7,-2.862016915706775,-1.467698626460213
76,8,-6.174155908979068,-1.011225608790353
76,9,-3.332529738308041,-0.225833102022267
76,10,1.360334665075614,2.027358315813235
76,11,2.114189032417495,-1.273490202201568
76,12,1.22260368528717,-0.6812339093963179
76,13,-3.104026754052015,-1.097568894677831
76,14,1.348563864540861,2.411459495089543
76,15,-1.711441673227705,-0.189547773870704
76,16,-2.026074986306888,-1.981063935749187
76,17,-3.775237158165833,-0.7374007193054284
76,18,-1.242080615835044,0.6090273797640016
76,19,-1.063357880230357,-0.6667485863241749
76,20,-0.9819946685361698,0.5766656936788273
77,1,-1.952466450785922,-2.833336308675483
77,2,-2.531319595738387,0.5998776779033828
77,3,-3.185437108004336,-0.5587038818413694
77,4,-1.034938119511851,-1.482457449034581
77,5,-2.246994172691467,-2.160850243342097
77,6,0.9134414428412682,1.864582013355067
77,7,-1.158650926226679,-1.811101742222599
77,8,-3.879948947037441,-2.442340124498645
77,9,-5.581610700038134,-1.662844071670162
77,10,-0.5525626405462538,1.521038435593907
77,11,-1.025708455404549,-1.95570808702635
77,12,-1.350548072903151,-0.6551136087591065
77,13,-5.673801899642876,-1.802604350597868
77,14,-6.196681109160102,-0.7265174610003946
77,15,-4.674877873140217,0.4375304305497683
77,16,-1.959585976768565,0.2793563808431474
77,17,-5.156295401088173,-2.620308865547824
77,18,-4.009281714684138,1.235386941949307
77,19,-4.138972269885313,-1.210575393097089
77,20,-0.1634430192441889,-0.1144405860195823
78,1,-0.634678344262322,-0.1048189750250005
78,2,-1.937613350192565,-0.5789416486462128
78,3,-0.6718474600225486,-1.759319441344676
78,4,-0.5341753851940962,1.015864873061506
78,5,0.7337686360909229,0.03707253168133839
78,6,0.3451260721893396,1.238706517152755
78,7,-1.61860293667803,-1.008606937115708
78,8,-2.459312230403405,-0.8173236708264796
78,9,0.1819011092715861,0.345809056410327
78,10,3.234497938697589,4.113886668243257
78,11,0.8605080352587378,-2.352282905351382
78,12,3.519079153964989,0.9229420608909209
78,13,-0.6834642608253598,-0.180386638362784
78,14,0.01087025257468666,-0.3934902213673274
78,15,-0.6149157712715496,1.542898483223093
78,16,-1.234688385362859,-0.4132209650277582
78,17,-1.006128295510405,-0.009781079088502342
78,18,0.5052890859590309,1.565980111153359
78,19,-0.1268610693968562,-0.721910343477685
78,20,-1.397996594289781,-1.610235432945842
79,1,1.696206003365316,0.5791797968691983
79,2,4.650489366893385,0.3660464878737216
79,3,4.805906647989092,2.020583267232995
79,4,3.955639866269998,0.5022942303874529
79,5,0.6860094470928347,-0.2404374549991277
79,6,1.068263270099327,1.068291179784082
79,7,1.302632248890643,0.7571906553704777
79,8,-10.87529649435347,-2.35529274744234
79,9,-4.546920741520831,-0.6029513104833046
79,10,0.8631862816786702,2.044097929089393
79,11,0.1919734550299931,-2.602514872735805
79,12,1.117166976808348,-1.036041494540151
79,13,-3.733565588408823,0.8583703322299767
79,14,-0.9476429492056215,0.6624170262020308
79,15,-2.685562949130001,-0.6808622224939717
79,16,0.5165457792562935,0.1013600298455098
79,17,-1.821128416228963,0.572783528699309
79,18,-0.4109722933904467,-0.7817040243529678
79,19,0.3901529987462203,0.3315117222361529
79,20,1.839347559737667,0.3704568371581776
80,1,-1.450379987160832,0.8872799049227689
80,2,-0.9555952609282565,-0.1274678787212288
80,3,-0.8198077687149674,-0.822114103031017
80,4,-3.378019627419953,-0.2815870414593642
80,5,-0.8673536600767653,-0.03833299425420357
80,6,2.20408736350853,1.502140228493547
80,7,0.733550218387604,-1.645473941388655
80,8,0.2873386046990838,-0.9490946336654353
80,9,2.895196912514104,1.407837862428452
80,10,2.532195970372527,1.725338745997043
80,11,-1.323998437564819,-1.744257888678751
80,12,-3.472601843316499,-0.568408968342531
80,13,-0.7505233097416251,-0.9653600522861695
80,14,1.687825796090223,1.715279934909454
80,15,2.680380959923356,-0.3371996894660623
80,16,0.9246881591105143,0.9070668910691453
80,17,2.38442694797741,1.860258119378206
80,18,3.609871526815314,-0.1352970576324078
80,19,0.7833918705487981,-0.1423224837893896
80,20,-3.131378610557269,-1.361400941556401
81,1,-2.161466539117403,-0.1043397951558167
81,2,-1.873337016345129,0.2608474680698926
81,3,-3.587608005029833,-2.300295080953806
81,4,-2.01929591379192,-1.3325978311396
81,5,-0.1456576712891224,1.079266117760691
81,6,-0.6864797365693137,-0.2375421846854025
81,7,0.9469207091486449,0.244127352780825
81,8,-0.4417625046234912,-1.580251595402209
81,9,-1.041268470260019,0.6231545510994372
81,10,5.476048600695044,2.492130686253749
81,11,-1.746314146496196,-2.430085983375394
81,12,-1.785492330010435,-1.056208216471303
81,13,-0.7139332712993138,-0.6031139916758423
81,14,-0.2121588857506155,-0.3448227666031731
81,15,1.962080686368421,0.5059512160613338
81,16,0.7352548320996297,-0.8087801517001905
81,17,0.2585486171921023,-1.024279997313005
81,18,0.000401540383370147,-0.874386742202949
81,19,0.3134729466267459,0.5251844787405369
81,20,0.4733445807433815,-0.1476303931464686
82,1,-4.304570218841373,-0.08994988077900773
82,2,-1.973981673396993,-1.107636486836801
82,3,-0.9113398004614365,-1.366514617422861
82,4,-5.233210850446028,-2.421287885775998
82,5,-3.157874350666678,-0.8553394515540338
82,6,-0.4439867307082359,1.210200483323506
82,7,-4.048729989105251,-1.656609322633285
82,8,-3.543291418255456,-1.507113835892792
82,9,0.3389919309046031,-0.1042276125548862
82,10,-0.6382339161448483,2.280773389146147
82,11,-2.750990284063258,-1.895996598068858
82,12,-3.306128455526623,-2.261333174552686
82,13,-1.47278486912211,0.9775406169096479
82,14,-0.348130586093065,1.771216416430343
82,15,-0.2694776599252,-0.5698238964969704
82,16,0.6253902022529543,-0.1810703093082271
82,17,2.974016316972103,-0.4632294399516469
82,18,5.475332316618805,0.8446891623186544
82,19,0.7783438073856601,-2.893858058921075
82,20,-1.889567287275162,-0.151124312403687
83,1,-4.374505067329554,0.05035874233443635
83,2,-5.249634758582275,-1.531933753810175
83,3,-2.903648113855502,0.4294451608803298
83,4,0.938396772104846,1.847331538939278
83,5,-3.712790552984014,-1.927789449342197
83,6,0.8967531536567678,1.872400059218518
83,7,-1.313161420298858,-1.182624324251838
83,8,2.144012440477658,-0.04955359448880592
83,9,4.449720193695061,1.236387674107134
83,10,3.805529485101215,2.602218349570889
83,11,-2.290398392381223,-1.211459977317387
83,12,-1.698852957024772,0.5431486429993233
83,13,2.659098556625024,-0.9414877906439922
83,14,4.944509305270645,2.103235814269652
83,15,8.517135079866595,1.789524104957271
83,16,5.462739269230984,0.6905925344509221
83,17,10.39142579914143,1.977168544187906
83,18,6.9922690256271,0.3265522372192955
83,19,3.429297695633901,0.4108137323040495
83,20,-0.9630622481545198,-0.6107104161412193
84,1,-5.247428301178754,-0.2745903562917861
84,2,-3.785905995796393,-0.5664215167268466
84,3,-0.5594163045833241,0.3019134559104555
84,4,-1.095852588292751,1.706463674677559
84,5,-1.756714870766644,-0.4397306255590369
84,6,1.411470403656785,1.704817133170915
84,7,0.1721864211300695,-0.3020443242319931
84,8,0.476793757595989,-1.129633155041891
84,9,5.436429243439587,1.923768327450643
84,10,3.378826255704752,2.358084837294934
84,11,3.087491188978478,0.7438388527687232
84,12,-0.3735148786776274,-2.395001724461593
84,13,2.383989369717239,-0.5046806736438529
84,14,5.143388224156462,1.081266582147822
84,15,4.515722721270484,0.8400366340928397
84,16,4.958929880693908,0.9546029445807291
84,17,3.744343499490335,-0.6595389338045394
84,18,5.578085336048387,-0.854340645995084
84,19,3.533757970052585,0.00841280973265146
84,20,-0.08206951310341459,-0.03727101109070585
85,1,0.936761790150747,-1.128675946607737
85,2,2.467927733973111,0.2798202977625823
85,3,-0.8548044092992821,-1.413676025027284
85,4,1.889466461155671,2.120409839094792
85,5,4.601258415138511,1.302735338683785
85,6,3.253243538720141,0.4949509247591786
85,7,0.2584136308698378,-0.6391049992989422
85,8,-10.35231612127851,-0.8687602844382301
85,9,-3.213522197374448,-0.44892333042612
85,10,3.808561460544999,3.408446856462136
85,11,2.94894927698694,-0.8001709767046297
85,12,4.387023433620489,0.8002304188653654
85,13,-4.344719404169188,-0.3012730985498475
85,14,-0.8267018862568679,1.375308424816381
85,15,-4.685170278603547,-0.319295420439726
85,16,-2.466646033731682,-0.5310022120520727
85,17,-8.022069831656083,-1.030476468672062
85,18,0.5898123808867582,2.350508576322109
85,19,-0.8331240573021969,-0.7457170415092049
85,20,-0.8482096795228172,0.1185918014764835
86,1,4.296133154322476,1.542117660224786
86,2,1.932483268000868,0.5102483303915407
86,3,-3.524870833225754,-1.572045053545982
86,4,1.77932251299489,0.1325452471430212
86,5,1.588636497723074,-0.116105800718042
86,6,-0.4807911412957186,-0.09085418870188433
86,7,1.181898143548744,1.039164835110574
86,8,-2.931428263369495,-1.043288702667974
86,9,-2.310986740953454,-1.679599923256226
86,10,4.39086201775953,2.631712555323691
86,11,-0.2382990168605796,-1.6556057676359
86,12,-2.274185219341835,-1.02499316027503
86,13,-2.532213535154415,-0.3516051868270826
86,14,-0.6975874593741509,2.021355849218912
86,15,-1.448056402450719,1.526795675698682
86,16,-1.485970155531797,-0.02378042675325387
86,17,-5.268158906682666,-0.9679276001960897
86,18,-4.46413959210193,0.5330757522124051
86,19,-1.303105286126583,-0.8079775166342724
86,20,-0.9228234609553148,-1.588135863587055
87,1,-1.673477317586968,-0.1887759834229178
87,2,-1.241188748774339,-0.01874179824432323
87,3,-5.091786165399693,-0.9721513856869801
87,4,-1.434692967861898,-0.9966340420373712
87,5,1.691285341107513,1.440902637728157
87,6,2.031728881252772,0.8246520642266703
87,7,1.045473756820504,0.8862280800570563
87,8,-4.119212159003345,-1.33939372492651
87,9,-2.458845178055885,0.251993841808313
87,10,3.66456583181081,2.669795362470577
87,11,-0.09417609874727684,-1.414977797498861
87,12,-0.1315476611913038,-2.019570362499994
87,13,-2.410571632979059,1.595056137394058
87,14,-0.1193380410091847,0.7002969093661746
87,15,-3.655306771278298,-1.324900788002321
87,16,-1.349488908353017,1.129590164593371
87,17,-4.055611951615958,-1.024656729222608
87,18,-1.962417059050675,0.07484676405389679
87,19,-2.713113961498139,-2.484707020593929
87,20,0.657141676685447,1.063493362522719
88,1,-6.070703208430591,-1.951968159174818
88,2,-2.280995337078432,-2.916609345043504
88,3,-0.3804822613362637,-3.759967149550111
88,4,-8.462493355676207,-1.423768673528345
88,5,-7.903197399974631,-3.006714222202768
88,6,-6.746287412050459,0.2295178661212773
88,7,-4.085695381191002,-4.122566816679111
88,8,0.5322570287077502,-1.851552375622442
88,9,-0.9907267684460769,-1.287664699030046
88,10,-10.97023218384688,0.3913485025052003
88,11,-2.499127179239029,-2.674384578272529
88,12,-1.310114744488946,-3.780409873244395
88,13,1.136759614152091,-1.318831410426123
88,14,-7.5999371396867,-3.693328396852329
88,15,-5.127533545288146,-2.512975610160014
88,16,-3.671496220957343,-3.430990370436349
88,17,-1.392649541501135,-4.082216399513069
88,18,2.484084856258454,-1.840635855140752
88,19,0.3290472125971177,-2.641921139113582
88,20,-0.2942403539864504,-2.283139799306289
89,1,-1.513182757471716,0.5876719508858583
89,2,-1.291366422667613,0.7428687289341803
89,3,-1.222303015342677,-0.4485611573128662
89,4,-2.821418145117888,-2.025725117958906
89,5,-3.266558198178033,-0.7321457896581496
89,6,1.841218517441333,1.83855041781342
89,7,0.1674917548984297,-1.432246897514909
89,8,3.518167174029963,-1.382561499694933
89,9,2.886464348644242,0.00743798988407729
89,10,4.652606530263009,4.104805517705257
89,11,1.683562244646195,0.4025702665354458
89,12,-2.805958147046843,-1.805409319361294
89,13,4.606660285665718,0.1928383592837184
89,14,3.868631005429338,0.5623415647841946
89,15,7.75798819796117,1.050578716112697
89,16,5.826422983214405,0.2313756681664387
89,17,7.324039249070871,0.2116153384913522
89,18,8.08267676584362,0.9348575846654801
89,19,6.317493205351125,2.136355253112585
89,20,-2.051131846532654,-1.78510340879694
90,1,-3.29449882472645,-1.004898269822514
90,2,-3.877461379370811,-1.733156027397361
90,3,-1.489301747323358,-0.8276259050708599
90,4,-0.9719511679305947,-1.075928661622212
90,5,-2.038088921380843,-1.368960721460729
90,6,0.9077822050654152,1.10485771166415
90,7,1.002439660283212,-0.02126584057853798
90,8,4.757004726751058,-0.522443413160242
90,9,1.4954662595853,-0.1656041021193381
90,10,-0.3724461673086741,2.615833198515383
90,11,-3.478115963648952,-3.163627647623823
90,12,-6.935927092402947,-2.764195927915201
90,13,-3.293778965070446,-3.240668122702302
90,14,-0.8029450227055023,1.979951185474197
90,15,-0.8245274833835301,-1.364098400967335
90,16,-2.39545983220681,-1.340592617795526
90,17,-2.954374861136,-2.446167204022772
90,18,-4.006119242338626,0.3623517563151579
90,19,-1.882487363443733,-2.110437242965799
90,20,-2.476966240256673,-2.997749163191725
91,1,-3.099989239965701,-0.2881767397709684
91,2,2.982436937825577,2.021141398061595
91,3,3.326977501315249,1.669686198874618
91,4,-1.241256942927204,1.24209363983224
91,5,-1.064294777909936,0.2737355334695761
91,6,3.29332887678852,2.190299658541131
91,7,3.293503540900011,0.9884004045447173
91,8,0.6492838644940007,-1.446823265783404
91,9,5.643016031494179,1.043976630384452
91,10,2.645425455058855,1.516792947554198
91,11,-0.7078213008620993,-0.3515997928145074
91,12,-0.120149804690529,0.2633449189703314
91,13,3.039220319012527,-0.7861278192326334
91,14,5.882875215524074,1.305894167466088
91,15,5.718686371433614,-0.3933623807660254
91,16,3.870871119333912,-0.6588497595857227
91,17,1.985397955945358,0.4691842868383913
91,18,6.893513447641876,0.3877145300133183
91,19,2.123245321135158,-0.5816194495741769
91,20,-3.97179966738978,-1.866233911999511
92,1,-4.724422256770687,-1.083571391938279
92,2,-3.766796296146198,0.189037280972175
92,3,-2.903506086128318,-0.8550665041029989
92,4,-3.5074252191971,0.136804916953741
92,5,-1.424555565553977,0.325341091713508
92,6,-0.4042440728780989,0.8013749407435544
92,7,-0.2052586167881967,0.5012916906653953
92,8,-1.11941867726304,-1.939564299942493
92,9,1.538734943797614,0.3020232820902806
92,10,-0.6482624239149666,0.6991576129427837
92,11,-1.951979352163234,-2.028518951424349
92,12,-2.120508899628625,-0.277386573087478
92,13,-0.9496175961956936,1.024911687987409
92,14,1.961850998127083,1.882524737465551
92,15,-0.3506631174588241,-1.679173832637477
92,16,1.690371431066864,0.4842217604154849
92,17,2.596099055829793,-2.759224899563343
92,18,5.06213943697628,1.180440417910581
92,19,3.679800472927175,-1.487451523016298
92,20,1.51790448058671,-0.3752623730217044
93,1,-1.138952322356459,0.5728761224589847
93,2,-3.240530712805235,-2.352900478226324
93,3,0.8179092147602183,-0.2988928922692649
93,4,-0.194998863623901,0.001653790000256394
93,5,2.39888126013786,0.2427433390921315
93,6,1.766661613939799,1.186606549335929
93,7,1.921041821548311,0.7515519701180788
93,8,0.1302178841441726,-0.03734288042125611
93,9,2.37327554373517,2.167138432812979
93,10,5.620075570368533,3.532845708085261
93,11,1.260837567620154,-1.219250739651089
93,12,1.599624256505274,-1.12106287076819
93,13,1.018652525283868,0.6866499084885032
93,14,1.831295507105691,1.743209030396799
93,15,1.086924362366483,-0.1051396932414071
93,16,1.070044299129227,-0.1051915338520877
93,17,1.138164919012318,-0.8668942334909734
93,18,1.69943949392253,-0.4827013050869288
93,19,0.8665610288806401,0.2597022545160008
93,20,-1.079572104125125,-0.933687934840577
94,1,-1.380694582682191,1.354354220617572
94,2,-3.061301721059058,-1.151169991062586
94,3,-5.353539781372131,-2.024872969674904
94,4,0.432169588633935,1.776164737643366
94,5,3.451816087705118,0.6280284572150516
94,6,4.307668820488074,2.025038319115211
94,7,2.043466710134104,0.3051836162974183
94,8,4.437277242964643,1.029893233447863
94,9,3.467642484380584,1.740135366900089
94,10,6.125919401401939,2.293542772548784
94,11,0.2533272766147815,-0.8068585873927726
94,12,1.394088320111299,0.4510659302938537
94,13,1.559648938783326,-0.604697740197028
94,14,1.66320621971063,0.7200842561853161
94,15,1.430810372485648,0.2558112886518658
94,16,-2.954322018907746,-2.253752981672768
94,17,0.289805567041562,-0.3328745985359119
94,18,-3.030437704427623,-1.154052340824979
94,19,-3.120223760111296,-0.6168544141748098
94,20,-2.048857754320396,0.2372473385175037
95,1,-7.506525021896,-2.027030421552067
95,2,-3.083360913029842,1.226674213191857
95,3,-0.3346866983616078,0.4269281663270501
95,4,-4.515903516385152,-0.03919771710110065
95,5,-3.68982160018891,1.25130730164879
95,6,-0.5211943312768164,2.29172174309767
95,7,-0.7373966372997584,1.139571034641359
95,8,0.0009480751338211135,-2.63632969680237
95,9,9.182174472857232,3.593251076342159
95,10,7.159632119531933,2.757733578519219
95,11,1.65013433272416,0.5822329165711786
95,12,-0.00417611976948476,0.9941207171622937
95,13,5.489235513954259,0.3434306339759136
95,14,10.51241590596591,3.077882925600365
95,15,11.74049506073406,1.224728196869533
95,16,5.844343911576301,-1.175097227713475
95,17,9.251488735462425,1.742239053106438
95,18,12.53137840748896,1.002481534641925
95,19,5.24394283467565,-0.4789570553133655
95,20,-1.148037182481459,0.01434184887764928
96,1,1.325508594970775,1.563005108436628
96,2,-0.8515026699015884,-1.545084699117702
96,3,-2.698433406697002,-2.896681057390535
96,4,-0.3578404021338584,-0.7636968142604909
96,5,0.5526793684147392,-1.042809700139971
96,6,1.124523726789176,0.3813624362489139
96,7,-0.8904431931785424,-2.039858116578228
96,8,4.207797550653805,-0.4276982896342187
96,9,-1.027047336795498,-0.8860658405444803
96,10,0.21265787646724,-0.242130058992879
96,11,-0.8406032149183955,-0.9960195959188192
96,12,-5.441440588686751,-4.019969284750331
96,13,-0.5576591852338452,-0.9823972393016489
96,14,3.667325541186977,3.536708912432723
96,15,1.089896322331926,-0.40021730520218
96,16,-1.428080520915728,-2.222882889095707
96,17,1.776874220285571,-1.481295526232274
96,18,-2.855308597647803,-0.2716694809855079
96,19,-2.557468569680668,-1.462208842246334
96,20,-0.5784332917969738,-0.9187244909501481
97,1,-4.027213737457883,-1.096509186839142
97,2,0.8678799414469379,0.6836373180350096
97,3,2.335269490911847,0.8440410174262785
97,4,-0.6914199920669761,0.08699641795987464
97,5,-0.2192737660109768,0.6757586454883037
97,6,-3.634316507289748,-0.7560596165679246
97,7,-0.8255367854785153,0.109621047257072
97,8,-0.6820095414680132,-0.4527575224067619
97,9,1.851937913715463,1.574766647468796
97,10,2.498936752096136,1.964374897124963
97,11,-4.72992193147231,-4.574116068632832
97,12,-4.422634931777454,-1.904212504380925
97,13,-4.026244448626235,-0.9213205952981985
97,14,-2.438865461203836,-0.07636426202046598
97,15,-0.6505790178696433,0.216932145120154
97,16,-0.3041991984861418,-1.038215791105356
97,17,-2.195580703006987,-1.765647179395166
97,18,-1.641061743694611,-0.7968059477984579
97,19,-1.117336743952265,-1.855508875269343
97,20,1.78097181134082,0.02337463155549679
98,1,-2.463320365295996,-1.078490237935041
98,2,-1.438877908687556,-0.3994645457887901
98,3,-1.730855035109062,-1.467211544822523
98,4,0.9662791552169238,1.463539535895564
98,5,1.066137071332908,0.89574367583801
98,6,4.369117545281677,1.323040590126691
98,7,1.993784899685811,-0.5009327868916804
98,8,2.600900500116781,-1.572560313876715
98,9,0.09060574646145325,-0.322012182981924
98,10,2.995700373800057,4.082000021047863
98,11,-1.428677004504466,-2.221006991212946
98,12,-1.888083061694786,-0.4403058597655457
98,13,1.76342546563773,0.922694148940209
98,14,0.876871227199816,0.5051433330650902
98,15,2.481511628519698,1.291234821819458
98,16,2.985003377731445,0.3034940116851425
98,17,4.047338489096095,0.9454618196820292
98,18,1.98739985827559,-0.04881911204694106
98,19,-0.1721891080493847,-2.267326753133421
98,20,-3.250968175575518,-1.445081181808535
99,1,-3.516729871634718,-0.1930967862826724
99,2,-2.992283492503674,-0.1381542135423777
99,3,-3.616989080233716,-1.700279256069526
99,4,-1.85606942921063,1.712088715346424
99,5,-4.028593747376841,-1.811327451604375
99,6,1.842016244886732,1.396969801175918
99,7,-0.4396033902815379,-0.7353685121691749
99,8,-2.107385865692552,-2.114190990483438
99,9,1.22681130541004,1.470480572167853
99,10,1.817792810604879,0.9797547335790193
99,11,-2.799992822775879,-1.023385471380926
99,12,-5.399669551286745,-2.12859443425011
99,13,1.650481335370813,0.7226353409944748
99,14,3.362029196657811,0.5343011766998761
99,15,4.10810815424688,0.2004629578340185
99,16,5.203846782269673,0.2314648766492812
99,17,2.938835139510321,-1.15680944718214
99,18,3.831408307007615,0.7607980350712994
99,19,-1.310516292410705,-2.097058556738728
99,20,-2.772869633427372,0.0895188575919641
100,1,0.1478847725738217,0.5639079960623853
100,2,-1.182428113377413,-0.30885054509178
100,3,-3.21506042969486,-0.5756900576555236
100,4,1.82897671760349,1.277733678073834
100,5,1.061875424671798,-0.4833532910279079
100,6,0.3709213431478759,0.9499866295116689
100,7,-1.669689635452351,-0.3319069437552696
100,8,2.533473176337978,1.774332490903798
100,9,1.421013767617564,-0.9126753806139902
100,10,8.230033925973508,2.950128456630633
100,11,4.967178892583479,1.255636857464979
100,12,1.063884878350107,0.009169295444667588
100,13,3.242446399153148,1.607823087848505
100,14,6.117380194294654,2.151527183180788
100,15,4.573003527511424,0.5771659513976164
100,16,-0.8865139425226545,-1.711358088052025
100,17,-0.5840756898680323,0.4142307094471676
100,18,-0.3125801778629093,0.6361977878879798
100,19,-2.06099733087643,-0.790521103908409
100,20,-3.485004246372369,-0.4473016442325345
